first_name,last_name,email,gender,University,Age,Class Graduation Year,Lease Term,Describe Yourself,Major
Cash,Foxley,cfoxley0@i2i.jp,Male,PU,22,2025,12,"Movies, Travel, Coding",Nursing
Rooney,Gitthouse,rgitthouse1@cpanel.net,Male,UIUC,41,2022,6,"Music, Anime, Movies",Nursing
Roseanne,Graffham,rgraffham2@tumblr.com,Genderfluid,UMAA,22,2024,12,"Outdoors, Music, Foodie",Engineering
Conny,Flintoff,cflintoff3@theglobeandmail.com,Agender,GT,25,2023,6,"Sports, Coding, Music",Engineering
Grove,Szymanek,gszymanek4@phoca.cz,Male,UCLA,30,2025,6,"Sports, Coding, Foodie",Computer Science
Zabrina,Duval,zduval5@nasa.gov,Female,UW,34,2025,6,"Music, Foodie, Anime",Computer Science
Jamie,Canfer,jcanfer6@phoca.cz,Male,CIT,38,2026,12,"Travel, Gaming, Coding",Nursing
Shurlocke,Kiehl,skiehl7@xing.com,Male,GT,31,2026,6,"Movies, Sports, Outdoors",Engineering
Hinze,Domoni,hdomoni8@joomla.org,Male,PU,47,2026,12,"Music, Coding, Outdoors",Nursing
Jeane,Baybutt,jbaybutt9@hugedomains.com,Female,UTA,18,2025,6,"Sports, Coding, Foodie",Computer Science
Stevy,Benaine,sbenainea@ucoz.ru,Male,SU,29,2022,6,"Art, Music, Travel",Other
Jeremias,Salomon,jsalomonb@accuweather.com,Male,UMAA,26,2022,12,"Movies, Anime, Travel",Engineering
Cristionna,Vear,cvearc@tripod.com,Female,UWM,29,2022,12,"Movies, Coding, Gaming",Biology
Flint,Zarfat,fzarfatd@sogou.com,Non-binary,UIUC,36,2022,12,"Travel, Music, Coding",General Studies
Staci,McLaren,smclarene@indiatimes.com,Polygender,UWM,38,2026,12,"Coding, Outdoors, Music",Biology
Elliott,Newart,enewartf@illinois.edu,Male,UMAA,34,2022,12,"Anime, Coding, Movies",Nursing
Morty,Ech,mechg@fastcompany.com,Male,UIUC,48,2022,12,"Travel, Coding, Gaming",Business
Mada,Piscopello,mpiscopelloh@amazon.de,Genderfluid,HU,33,2023,6,"Music, Sports, Foodie",Accounting
Reeba,Zamudio,rzamudioi@amazon.co.uk,Female,UTA,27,2024,6,"Travel, Foodie, Art",Computer Science
Selig,Mosedill,smosedillj@cisco.com,Genderqueer,UIUC,34,2024,6,"Travel, Movies, Foodie",Liberal Arts
Trisha,Frood,tfroodk@mlb.com,Female,CMU,22,2023,6,"Anime, Music, Movies",Business
Margareta,Lovejoy,mlovejoyl@virginia.edu,Bigender,CMU,44,2024,12,"Travel, Art, Movies",Business
Modestine,Bussy,mbussym@imdb.com,Female,HU,23,2024,12,"Gaming, Travel, Movies",Nursing
Gawain,Tonna,gtonnan@ameblo.jp,Male,UMAA,29,2026,12,"Coding, Foodie, Sports",General Studies
Max,Sutor,msutoro@weather.com,Male,JHU,44,2022,6,"Art, Gaming, Coding",Nursing
Shay,Westrip,swestripp@nationalgeographic.com,Male,UIUC,46,2022,6,"Gaming, Coding, Travel",Computer Science
Kamila,Weigh,kweighq@4shared.com,Female,HU,20,2022,12,"Outdoors, Travel, Movies",Engineering
Bessy,Aughtie,baughtier@tinyurl.com,Female,JHU,29,2026,6,"Travel, Gaming, Foodie",Engineering
Clovis,Vella,cvellas@addtoany.com,Female,CU,50,2022,12,"Gaming, Art, Anime",Nursing
Silvana,Lowndsbrough,slowndsbrought@themeforest.net,Female,UW,27,2022,12,"Outdoors, Sports, Foodie",Other
Dionysus,Barkworth,dbarkworthu@networkadvertising.org,Male,JHU,40,2026,6,"Music, Coding, Gaming",Engineering
Fred,Gault,fgaultv@soup.io,Male,UTA,36,2023,12,"Gaming, Travel, Art",Biology
Cory,Spray,csprayw@ihg.com,Female,UWM,40,2026,12,"Foodie, Music, Movies",Business
Brendin,Gibbeson,bgibbesonx@blinklist.com,Male,CIT,31,2025,12,"Art, Gaming, Outdoors",Computer Science
Laura,Gooder,lgoodery@t.co,Female,UMAA,36,2025,12,"Gaming, Coding, Art",Computer Science
Electra,Menichelli,emenichelliz@buzzfeed.com,Bigender,UTA,35,2022,6,"Anime, Outdoors, Movies",Business
Lionel,Wooderson,lwooderson10@umich.edu,Male,CIT,31,2022,12,"Outdoors, Foodie, Gaming",Business
Jeanelle,Varfalameev,jvarfalameev11@instagram.com,Female,UIUC,43,2023,6,"Gaming, Movies, Foodie",Business
Kaspar,Frissell,kfrissell12@shop-pro.jp,Bigender,UWM,33,2026,12,"Anime, Outdoors, Gaming",General Studies
Rosemonde,Sisley,rsisley13@taobao.com,Female,PU,20,2023,12,"Outdoors, Gaming, Art",Business
Donny,Kiss,dkiss14@archive.org,Male,UIUC,40,2023,6,"Gaming, Outdoors, Foodie",Business
Olenolin,Andriulis,oandriulis15@diigo.com,Male,UCLA,39,2026,6,"Music, Travel, Outdoors",Nursing
Chris,Hodgets,chodgets16@nsw.gov.au,Male,UCB,39,2023,12,"Art, Travel, Anime",Nursing
Sondra,Sutherel,ssutherel17@scientificamerican.com,Female,UPenn,23,2025,6,"Sports, Movies, Anime",Other
Albertine,Larway,alarway18@meetup.com,Female,UPenn,48,2023,6,"Foodie, Sports, Gaming",Other
Nicolea,Gaymer,ngaymer19@japanpost.jp,Female,UW,18,2022,12,"Sports, Outdoors, Movies",Accounting
Tonye,Stoving,tstoving1a@netscape.com,Female,GT,40,2025,12,"Music, Travel, Outdoors",Engineering
Porty,Itzkovitch,pitzkovitch1b@behance.net,Male,UIUC,28,2025,6,"Coding, Foodie, Art",Other
Henka,Banghe,hbanghe1c@xing.com,Female,UWM,24,2022,12,"Music, Coding, Outdoors",Computer Science
Janos,Cusiter,jcusiter1d@about.me,Male,GT,50,2024,6,"Anime, Outdoors, Gaming",Other
Christan,Andriveaux,candriveaux1e@hugedomains.com,Female,HU,19,2022,6,"Coding, Movies, Outdoors",Nursing
Son,Jimenez,sjimenez1f@vk.com,Male,SU,48,2024,12,"Travel, Coding, Sports",Computer Science
Marta,Leer,mleer1g@state.tx.us,Female,UMCP,43,2026,6,"Gaming, Music, Foodie",Engineering
Lorelei,Pulsford,lpulsford1h@wikispaces.com,Female,PU,19,2024,6,"Travel, Anime, Music",Computer Science
Etty,Waplinton,ewaplinton1i@tinyurl.com,Female,UCB,37,2026,12,"Coding, Art, Travel",Business
Giuditta,McPeck,gmcpeck1j@is.gd,Female,PU,28,2024,6,"Movies, Travel, Foodie",Business
Hersch,MacLaughlin,hmaclaughlin1k@mashable.com,Male,GT,29,2024,12,"Coding, Art, Sports",Liberal Arts
Maryjo,Danilov,mdanilov1l@google.com.br,Female,GT,18,2026,12,"Foodie, Sports, Art",Nursing
Lilla,Dupey,ldupey1m@lycos.com,Genderfluid,UTA,43,2025,12,"Sports, Movies, Music",Business
Page,Morphet,pmorphet1n@typepad.com,Male,JHU,42,2025,12,"Outdoors, Foodie, Movies",Accounting
Lesly,Wankel,lwankel1o@about.me,Female,GT,30,2024,6,"Outdoors, Music, Movies",Accounting
Lindi,Lilleyman,llilleyman1p@hc360.com,Female,UW,47,2026,6,"Anime, Gaming, Music",Nursing
Saundra,Batchley,sbatchley1q@blinklist.com,Female,UW,42,2023,12,"Art, Travel, Foodie",Business
Briggs,Duligal,bduligal1r@trellian.com,Agender,UMCP,21,2024,6,"Coding, Foodie, Gaming",Accounting
Nicolais,Carefull,ncarefull1s@ebay.com,Male,UTA,33,2022,6,"Coding, Gaming, Movies",Liberal Arts
Linus,Plascott,lplascott1t@scientificamerican.com,Male,UMAA,24,2025,6,"Outdoors, Movies, Gaming",Computer Science
Chelsea,Seeds,cseeds1u@ftc.gov,Female,UIUC,23,2022,6,"Travel, Foodie, Gaming",Engineering
Celestyna,Van,cvan1v@devhub.com,Female,PU,43,2025,12,"Movies, Gaming, Travel",Liberal Arts
Ambur,Hucquart,ahucquart1w@mashable.com,Female,UWM,19,2023,12,"Foodie, Music, Movies",Engineering
Brose,Brinkman,bbrinkman1x@shareasale.com,Male,UMAA,36,2023,6,"Foodie, Art, Anime",Engineering
Chicky,Chamley,cchamley1y@shareasale.com,Female,CMU,27,2022,6,"Gaming, Anime, Movies",Business
Patrice,Gerald,pgerald1z@google.com.br,Female,UCLA,35,2024,12,"Music, Movies, Coding",Engineering
Michaelina,Guisler,mguisler20@slideshare.net,Genderqueer,UCSA,47,2023,12,"Music, Sports, Art",Engineering
Bertha,Sinyard,bsinyard21@issuu.com,Female,MIT,26,2023,12,"Travel, Art, Anime",Engineering
Danila,Nilles,dnilles22@istockphoto.com,Bigender,CU,35,2025,6,"Art, Gaming, Sports",Business
Neville,Cunnell,ncunnell23@whitehouse.gov,Male,GT,46,2024,6,"Movies, Travel, Art",Computer Science
Pacorro,Nortunen,pnortunen24@shinystat.com,Male,HU,28,2023,6,"Outdoors, Movies, Music",Accounting
Hermine,Hovee,hhovee25@cornell.edu,Female,UWM,36,2024,6,"Outdoors, Movies, Anime",Biology
Julietta,Lusted,jlusted26@apache.org,Female,UIUC,44,2023,6,"Foodie, Music, Coding",Business
Gavin,Cusiter,gcusiter27@vinaora.com,Male,GT,18,2024,6,"Coding, Anime, Sports",Accounting
Genovera,Parkisson,gparkisson28@feedburner.com,Bigender,CU,29,2026,6,"Coding, Foodie, Sports",Other
Meggi,Mattessen,mmattessen29@google.de,Female,CU,46,2025,12,"Travel, Anime, Coding",Computer Science
Arlin,Vanetti,avanetti2a@newsvine.com,Male,UW,29,2025,12,"Coding, Outdoors, Sports",Accounting
Buiron,Danks,bdanks2b@miibeian.gov.cn,Male,GT,44,2025,12,"Gaming, Anime, Outdoors",Nursing
Wake,Bagnell,wbagnell2c@nationalgeographic.com,Male,UW,50,2025,6,"Movies, Foodie, Gaming",Engineering
Jeramie,Crippin,jcrippin2d@nyu.edu,Male,UWM,43,2025,6,"Foodie, Coding, Art",Biology
Nataniel,Davydenko,ndavydenko2e@ustream.tv,Polygender,CIT,19,2024,6,"Anime, Outdoors, Travel",Biology
Bartolomeo,Pettwood,bpettwood2f@angelfire.com,Male,UCB,41,2022,6,"Anime, Coding, Sports",Nursing
Pattin,Leathers,pleathers2g@paginegialle.it,Male,UMCP,45,2026,6,"Outdoors, Coding, Travel",Biology
Iain,Larn,ilarn2h@dagondesign.com,Male,UPenn,46,2022,12,"Foodie, Movies, Anime",Engineering
Justinian,MacVanamy,jmacvanamy2i@cyberchimps.com,Polygender,UCLA,28,2022,12,"Travel, Art, Foodie",Business
Rock,Pert,rpert2j@sitemeter.com,Male,GT,23,2022,6,"Sports, Movies, Gaming",Nursing
Mariette,Verring,mverring2k@blinklist.com,Bigender,UCLA,34,2023,12,"Art, Travel, Sports",Biology
Ronna,Cuppleditch,rcuppleditch2l@google.co.uk,Female,CIT,33,2022,6,"Gaming, Sports, Outdoors",Engineering
Rasla,Georgeou,rgeorgeou2m@drupal.org,Female,CMU,47,2022,6,"Movies, Sports, Music",Engineering
Owen,Younger,oyounger2n@i2i.jp,Male,UTA,50,2022,6,"Travel, Outdoors, Sports",Nursing
Fitz,Halvorsen,fhalvorsen2o@hostgator.com,Male,CIT,48,2022,6,"Movies, Travel, Gaming",Biology
Cora,Beek,cbeek2p@ca.gov,Female,MIT,24,2026,12,"Coding, Travel, Sports",Liberal Arts
Afton,Morrowe,amorrowe2q@kickstarter.com,Female,GT,28,2022,12,"Coding, Outdoors, Gaming",Nursing
Raeann,Huccaby,rhuccaby2r@tamu.edu,Female,UWM,29,2024,6,"Outdoors, Gaming, Movies",Engineering
Rriocard,Darthe,rdarthe2s@storify.com,Male,UMAA,25,2022,12,"Coding, Outdoors, Gaming",Liberal Arts
Betti,Liven,bliven2t@dedecms.com,Female,SU,40,2023,12,"Movies, Outdoors, Sports",Nursing
Kile,Biasetti,kbiasetti2u@youtube.com,Male,GT,22,2024,12,"Outdoors, Travel, Sports",Nursing
Terry,Scates,tscates2v@techcrunch.com,Male,UCSA,23,2025,12,"Travel, Gaming, Sports",Computer Science
Hyman,Daish,hdaish2w@dailymail.co.uk,Male,UTA,29,2022,6,"Movies, Sports, Coding",Biology
Siouxie,Leete,sleete2x@163.com,Female,PU,49,2023,6,"Outdoors, Foodie, Sports",Biology
Jobina,Helliwell,jhelliwell2y@time.com,Non-binary,HU,22,2022,12,"Sports, Art, Travel",Business
Erna,Lebel,elebel2z@google.pl,Female,HU,33,2026,12,"Sports, Coding, Music",Business
Norine,Pendre,npendre30@aboutads.info,Female,CU,37,2023,12,"Coding, Anime, Music",Computer Science
Emile,Dable,edable31@csmonitor.com,Male,UMAA,27,2023,6,"Anime, Art, Gaming",Other
Maury,Deroche,mderoche32@facebook.com,Male,UMCP,34,2025,12,"Movies, Outdoors, Sports",Biology
Naoma,Cordes,ncordes33@examiner.com,Female,UMAA,31,2024,6,"Coding, Gaming, Foodie",Nursing
Dimitri,De Blasi,ddeblasi34@examiner.com,Male,UPenn,30,2026,12,"Movies, Outdoors, Gaming",Computer Science
Ajay,McNeilly,amcneilly35@addtoany.com,Female,UCB,31,2024,12,"Music, Gaming, Travel",Other
Casey,McClure,cmcclure36@xrea.com,Female,UPenn,43,2025,6,"Gaming, Foodie, Outdoors",General Studies
Candra,Seally,cseally37@zdnet.com,Female,UCB,37,2024,12,"Sports, Gaming, Coding",Engineering
Alta,Tackle,atackle38@nationalgeographic.com,Female,UIUC,19,2025,12,"Outdoors, Movies, Music",Liberal Arts
Lucy,McGivena,lmcgivena39@github.io,Female,UMAA,28,2024,12,"Outdoors, Foodie, Travel",Biology
Eimile,Clampe,eclampe3a@nature.com,Genderfluid,UCSA,30,2025,6,"Music, Travel, Art",Nursing
Jolee,Petraitis,jpetraitis3b@salon.com,Polygender,UCB,18,2024,6,"Outdoors, Music, Sports",Computer Science
Gary,Aulton,gaulton3c@china.com.cn,Male,UMCP,19,2022,6,"Outdoors, Gaming, Art",Engineering
Junette,Kelsow,jkelsow3d@histats.com,Female,PU,28,2025,12,"Coding, Sports, Art",Biology
Jordon,Circuitt,jcircuitt3e@psu.edu,Male,UW,46,2025,6,"Anime, Travel, Foodie",Liberal Arts
Timmy,Dimmock,tdimmock3f@printfriendly.com,Male,PU,29,2025,12,"Sports, Anime, Foodie",Liberal Arts
Alayne,Bayly,abayly3g@4shared.com,Female,UPenn,35,2025,12,"Anime, Coding, Sports",Nursing
Cicely,Kenan,ckenan3h@mapquest.com,Polygender,UPenn,26,2025,6,"Foodie, Travel, Art",Engineering
Farr,Oloshkin,foloshkin3i@github.com,Male,CIT,18,2026,6,"Movies, Outdoors, Coding",Business
Carolann,McGaugie,cmcgaugie3j@washington.edu,Female,UW,45,2023,12,"Coding, Art, Gaming",Engineering
Aland,Pointing,apointing3k@state.gov,Bigender,UMAA,46,2022,6,"Music, Coding, Sports",Nursing
Chen,O'Hoolahan,cohoolahan3l@bravesites.com,Non-binary,HU,28,2022,12,"Art, Outdoors, Travel",Computer Science
Concordia,Barkess,cbarkess3m@china.com.cn,Female,CIT,40,2026,12,"Travel, Sports, Anime",Computer Science
Ninette,Dreghorn,ndreghorn3n@g.co,Female,GT,18,2023,12,"Anime, Movies, Art",Business
Vittorio,Blais,vblais3o@chronoengine.com,Male,CIT,41,2022,6,"Outdoors, Travel, Foodie",Liberal Arts
Dante,Iacobassi,diacobassi3p@comsenz.com,Male,UMCP,48,2023,6,"Sports, Anime, Art",Liberal Arts
Caryl,Wintle,cwintle3q@craigslist.org,Female,HU,31,2023,6,"Foodie, Gaming, Movies",Computer Science
Silvano,Speechley,sspeechley3r@mayoclinic.com,Male,UCSA,40,2025,6,"Art, Coding, Movies",Computer Science
Cinda,Cumberpatch,ccumberpatch3s@taobao.com,Female,UIUC,22,2023,12,"Sports, Art, Foodie",Liberal Arts
Avril,Truder,atruder3t@tinypic.com,Female,UMCP,24,2026,12,"Foodie, Art, Sports",Accounting
Damien,Mallindine,dmallindine3u@homestead.com,Male,UCB,45,2022,12,"Art, Travel, Sports",Engineering
Amara,Krystek,akrystek3v@goo.ne.jp,Female,UMCP,26,2022,6,"Music, Movies, Foodie",Nursing
Janna,Bradane,jbradane3w@tmall.com,Female,CMU,41,2025,12,"Gaming, Sports, Travel",Engineering
Bibby,Andreu,bandreu3x@barnesandnoble.com,Female,UMCP,21,2022,12,"Anime, Movies, Music",General Studies
Kariotta,Edger,kedger3y@rambler.ru,Non-binary,GT,29,2023,6,"Gaming, Anime, Outdoors",Biology
Evvy,Karchowski,ekarchowski3z@tinyurl.com,Female,JHU,47,2025,12,"Outdoors, Travel, Gaming",Engineering
Emmanuel,Heaselgrave,eheaselgrave40@google.it,Male,PU,50,2023,12,"Music, Movies, Anime",Computer Science
Devlin,Dovermann,ddovermann41@addtoany.com,Male,GT,42,2024,12,"Anime, Sports, Art",Computer Science
Desiree,McCandless,dmccandless42@joomla.org,Agender,JHU,44,2026,12,"Art, Movies, Gaming",Liberal Arts
Bessie,Ellsom,bellsom43@photobucket.com,Female,UMAA,24,2026,6,"Outdoors, Anime, Gaming",Business
Carlotta,Grewes,cgrewes44@amazon.com,Female,UCLA,32,2026,12,"Sports, Foodie, Outdoors",Accounting
Tiebold,MacLoughlin,tmacloughlin45@google.ru,Non-binary,CU,22,2025,12,"Art, Movies, Gaming",Liberal Arts
Antonio,Kilgrove,akilgrove46@liveinternet.ru,Male,CU,47,2025,6,"Coding, Art, Foodie",Business
Reeta,Dorken,rdorken47@ucoz.ru,Female,UWM,26,2025,6,"Sports, Coding, Movies",Nursing
Madelene,Bambrough,mbambrough48@plala.or.jp,Female,JHU,21,2024,12,"Gaming, Art, Music",Business
Hansiain,Allott,hallott49@comsenz.com,Male,MIT,29,2022,6,"Outdoors, Sports, Music",Engineering
Leese,Prinn,lprinn4a@va.gov,Female,UMAA,48,2024,6,"Art, Sports, Music",Business
Colleen,Bigly,cbigly4b@imdb.com,Female,HU,50,2022,6,"Music, Travel, Movies",Other
Murvyn,Beadon,mbeadon4c@plala.or.jp,Male,UMAA,30,2025,12,"Music, Foodie, Gaming",Computer Science
Katharine,Comini,kcomini4d@blog.com,Female,UCB,32,2022,6,"Music, Travel, Sports",Accounting
Carolin,Peake,cpeake4e@nsw.gov.au,Female,HU,43,2026,12,"Gaming, Coding, Foodie",Nursing
Rosalyn,Brandenburg,rbrandenburg4f@guardian.co.uk,Female,MIT,23,2022,12,"Music, Art, Movies",Liberal Arts
Franklin,Badman,fbadman4g@usgs.gov,Genderfluid,UMAA,31,2023,12,"Outdoors, Anime, Foodie",Engineering
Clementina,Wretham,cwretham4h@yandex.ru,Female,UMAA,47,2026,12,"Outdoors, Foodie, Sports",Accounting
Duff,Blewett,dblewett4i@elegantthemes.com,Male,CMU,24,2026,6,"Movies, Gaming, Sports",Business
Gayle,Beswetherick,gbeswetherick4j@scribd.com,Female,UCB,24,2025,6,"Outdoors, Anime, Travel",Engineering
Verla,Hanse,vhanse4k@un.org,Polygender,UCB,19,2026,6,"Art, Outdoors, Sports",Engineering
Lutero,Brockington,lbrockington4l@bloglines.com,Male,UTA,21,2024,6,"Outdoors, Art, Gaming",Accounting
Jacynth,Kyne,jkyne4m@shutterfly.com,Female,UMCP,38,2025,12,"Travel, Foodie, Movies",Nursing
Darci,Zecchetti,dzecchetti4n@parallels.com,Female,GT,46,2022,12,"Travel, Anime, Foodie",Business
Jilly,Skoate,jskoate4o@netscape.com,Female,SU,23,2022,6,"Sports, Anime, Coding",Computer Science
Sawyer,Winwright,swinwright4p@ucoz.ru,Male,UCSA,25,2024,6,"Outdoors, Music, Coding",Engineering
Brockie,Butteris,bbutteris4q@phoca.cz,Male,PU,25,2023,12,"Movies, Anime, Art",Business
Ariel,Simants,asimants4r@nifty.com,Male,CU,43,2025,12,"Sports, Coding, Music",Business
Urbain,Groveham,ugroveham4s@cbsnews.com,Male,UTA,36,2026,6,"Anime, Sports, Travel",Engineering
Glynda,Curme,gcurme4t@sciencedaily.com,Female,GT,21,2023,12,"Music, Sports, Outdoors",Computer Science
Clarke,Sparshutt,csparshutt4u@weather.com,Male,CMU,46,2026,6,"Travel, Music, Sports",Nursing
Kipper,Carrigan,kcarrigan4v@omniture.com,Male,UTA,23,2023,12,"Sports, Music, Movies",Accounting
Temple,Bunclark,tbunclark4w@usa.gov,Male,UMAA,42,2026,6,"Art, Sports, Coding",Computer Science
Iggy,Kittman,ikittman4x@list-manage.com,Genderfluid,UMCP,39,2022,6,"Gaming, Art, Sports",Nursing
Blayne,Skune,bskune4y@yandex.ru,Male,MIT,35,2025,12,"Sports, Art, Outdoors",Engineering
Marianna,Lichtfoth,mlichtfoth4z@bing.com,Female,GT,42,2026,6,"Movies, Travel, Coding",Liberal Arts
Nikolos,Leinthall,nleinthall50@t.co,Male,CMU,21,2024,12,"Music, Anime, Travel",Business
Shawna,Silberschatz,ssilberschatz51@123-reg.co.uk,Female,UCSA,30,2026,6,"Sports, Art, Outdoors",Computer Science
Arin,Wardell,awardell52@baidu.com,Male,UWM,32,2026,12,"Coding, Outdoors, Sports",Engineering
Lennie,Gibberd,lgibberd53@bravesites.com,Male,GT,44,2025,6,"Foodie, Anime, Travel",Nursing
Meaghan,Tunny,mtunny54@shinystat.com,Female,CIT,43,2024,6,"Gaming, Outdoors, Art",General Studies
Sandy,Clemmens,sclemmens55@live.com,Female,PU,44,2022,12,"Foodie, Outdoors, Movies",Business
Nicolea,Scottini,nscottini56@telegraph.co.uk,Genderqueer,UMAA,50,2025,6,"Outdoors, Anime, Music",Computer Science
Janene,Nesby,jnesby57@utexas.edu,Female,HU,32,2023,6,"Outdoors, Art, Gaming",Biology
Abdel,Battabee,abattabee58@pen.io,Male,CMU,39,2024,12,"Foodie, Sports, Movies",Other
Elmer,Buckbee,ebuckbee59@auda.org.au,Male,UCLA,25,2024,6,"Art, Music, Gaming",Nursing
Roz,Wraggs,rwraggs5a@dailymotion.com,Female,UMAA,32,2025,6,"Anime, Travel, Music",Accounting
Annecorinne,Browett,abrowett5b@tuttocitta.it,Female,UCB,20,2022,12,"Travel, Movies, Art",Business
Curr,Walaron,cwalaron5c@netlog.com,Male,UIUC,24,2026,6,"Gaming, Coding, Anime",Engineering
Farrel,Kunzel,fkunzel5d@quantcast.com,Male,GT,42,2024,6,"Art, Sports, Gaming",Nursing
Ursula,Dulling,udulling5e@mediafire.com,Female,UW,39,2025,6,"Travel, Coding, Music",Engineering
Audrey,Voyce,avoyce5f@nature.com,Female,SU,30,2022,12,"Sports, Foodie, Coding",Liberal Arts
Agathe,Doerrling,adoerrling5g@angelfire.com,Female,UMCP,32,2022,12,"Music, Foodie, Outdoors",Computer Science
Moreen,Grzegorczyk,mgrzegorczyk5h@liveinternet.ru,Female,CIT,39,2024,12,"Movies, Anime, Gaming",Accounting
Rowney,Stainbridge,rstainbridge5i@blinklist.com,Male,UW,50,2024,12,"Sports, Travel, Gaming",Business
Flossy,Mosby,fmosby5j@bigcartel.com,Female,CMU,38,2025,12,"Outdoors, Anime, Gaming",Accounting
Marie,Danaher,mdanaher5k@so-net.ne.jp,Female,CIT,48,2023,12,"Art, Foodie, Music",Biology
Blake,Bahde,bbahde5l@npr.org,Male,CU,40,2025,12,"Anime, Travel, Outdoors",Nursing
Aron,Conduit,aconduit5m@abc.net.au,Male,SU,44,2026,12,"Art, Travel, Gaming",Computer Science
Clint,Hallbird,challbird5n@facebook.com,Male,UWM,27,2026,6,"Music, Outdoors, Anime",Business
Marline,Dellatorre,mdellatorre5o@cnn.com,Female,GT,44,2022,6,"Anime, Coding, Travel",Liberal Arts
Leonhard,Hamnet,lhamnet5p@squidoo.com,Male,UCSA,45,2024,6,"Sports, Coding, Travel",Engineering
Austin,Guyonnet,aguyonnet5q@behance.net,Male,HU,39,2024,6,"Foodie, Sports, Movies",Business
Michel,Jenoure,mjenoure5r@state.gov,Non-binary,UPenn,35,2022,12,"Coding, Music, Gaming",Liberal Arts
Vince,Priver,vpriver5s@wikia.com,Male,UMAA,21,2024,6,"Outdoors, Foodie, Sports",Other
Elysia,Walburn,ewalburn5t@google.com,Female,UW,48,2022,12,"Outdoors, Sports, Gaming",Liberal Arts
Robbin,Scrowby,rscrowby5u@i2i.jp,Female,UW,46,2025,12,"Music, Outdoors, Foodie",General Studies
Florrie,Von Helmholtz,fvonhelmholtz5v@virginia.edu,Female,MIT,32,2022,6,"Movies, Sports, Gaming",Computer Science
Nicolle,Prime,nprime5w@thetimes.co.uk,Female,HU,30,2025,12,"Outdoors, Coding, Travel",Engineering
Bell,Gerrets,bgerrets5x@techcrunch.com,Female,MIT,28,2024,12,"Travel, Outdoors, Art",Business
Giavani,Greg,ggreg5y@wordpress.com,Male,MIT,45,2024,6,"Art, Travel, Movies",Engineering
Wat,Missington,wmissington5z@linkedin.com,Male,UCLA,23,2022,6,"Coding, Foodie, Music",Liberal Arts
Carlyle,Kirgan,ckirgan60@si.edu,Male,GT,18,2026,12,"Art, Gaming, Movies",Biology
Gale,Willingale,gwillingale61@hp.com,Female,UW,34,2022,6,"Foodie, Outdoors, Sports",Nursing
Rachelle,Colrein,rcolrein62@nyu.edu,Genderqueer,SU,41,2024,12,"Coding, Movies, Anime",Liberal Arts
Lea,Jamot,ljamot63@feedburner.com,Female,UIUC,37,2026,6,"Anime, Art, Sports",Liberal Arts
Fredek,Lenormand,flenormand64@ibm.com,Male,PU,23,2025,12,"Movies, Gaming, Sports",Nursing
Iorgos,Earle,iearle65@paginegialle.it,Male,PU,23,2026,12,"Gaming, Travel, Sports",Accounting
Sandor,O'Dowling,sodowling66@techcrunch.com,Male,PU,22,2026,6,"Coding, Art, Travel",Business
Natalya,Durdle,ndurdle67@dell.com,Female,PU,48,2023,6,"Coding, Outdoors, Sports",Computer Science
Rusty,Phalp,rphalp68@answers.com,Male,GT,44,2024,6,"Outdoors, Foodie, Anime",Accounting
Nat,Duguid,nduguid69@ucsd.edu,Male,UMCP,19,2023,12,"Coding, Anime, Sports",Business
Benedict,Eisig,beisig6a@fastcompany.com,Male,CMU,46,2024,6,"Gaming, Foodie, Sports",General Studies
Jo-anne,Redsull,jredsull6b@unc.edu,Female,CIT,50,2026,6,"Travel, Art, Outdoors",Biology
Pierrette,McKissack,pmckissack6c@illinois.edu,Female,HU,37,2022,6,"Gaming, Outdoors, Foodie",Engineering
Hiram,Pabst,hpabst6d@washingtonpost.com,Male,UTA,18,2025,6,"Travel, Coding, Gaming",Business
Verney,Amburgy,vamburgy6e@google.com,Polygender,CU,19,2023,12,"Travel, Music, Outdoors",Business
Alva,Perryman,aperryman6f@google.fr,Male,UW,48,2023,6,"Music, Sports, Travel",Engineering
Heidi,Wadly,hwadly6g@oaic.gov.au,Female,SU,28,2026,12,"Gaming, Sports, Outdoors",Business
Athena,McDarmid,amcdarmid6h@alibaba.com,Female,CIT,21,2024,6,"Gaming, Anime, Outdoors",Liberal Arts
Niko,Klimashevich,nklimashevich6i@moonfruit.com,Male,UMAA,37,2024,12,"Anime, Music, Sports",Computer Science
Lorrayne,Rosenfelt,lrosenfelt6j@twitpic.com,Non-binary,MIT,34,2024,6,"Movies, Anime, Art",Computer Science
Mariquilla,Borkin,mborkin6k@blog.com,Female,PU,20,2024,12,"Anime, Art, Coding",Liberal Arts
Ralf,Poulney,rpoulney6l@google.com.hk,Male,UCB,27,2024,6,"Foodie, Art, Sports",Accounting
Mikkel,Scad,mscad6m@sohu.com,Male,HU,50,2022,6,"Music, Foodie, Outdoors",Computer Science
Euell,Sweetsur,esweetsur6n@posterous.com,Male,GT,41,2023,12,"Music, Art, Outdoors",Engineering
Artemas,Girauld,agirauld6o@livejournal.com,Male,UPenn,43,2025,6,"Foodie, Outdoors, Travel",Liberal Arts
Bernete,Druery,bdruery6p@privacy.gov.au,Female,UPenn,38,2023,12,"Anime, Sports, Outdoors",Business
Lion,Gadsden,lgadsden6q@163.com,Male,UCB,36,2022,6,"Anime, Movies, Sports",Computer Science
Whitaker,Lyne,wlyne6r@ovh.net,Male,UMCP,36,2023,6,"Travel, Music, Gaming",Computer Science
Giovanni,Bethune,gbethune6s@cbc.ca,Male,CIT,38,2023,12,"Foodie, Sports, Anime",Nursing
Anet,Lemery,alemery6t@bigcartel.com,Female,CU,44,2026,6,"Anime, Art, Coding",Nursing
Germain,Oakton,goakton6u@ezinearticles.com,Female,SU,21,2023,6,"Movies, Anime, Outdoors",General Studies
Skippy,Ladd,sladd6v@xinhuanet.com,Male,UWM,38,2026,6,"Sports, Music, Gaming",General Studies
Francesco,MacCroary,fmaccroary6w@google.com.hk,Polygender,PU,37,2022,12,"Outdoors, Movies, Gaming",Business
Ulric,Addekin,uaddekin6x@t-online.de,Male,UCSA,26,2023,12,"Outdoors, Travel, Music",Business
Maiga,Pickavant,mpickavant6y@ameblo.jp,Female,UPenn,27,2024,6,"Music, Sports, Outdoors",Liberal Arts
Rea,Godley,rgodley6z@indiegogo.com,Female,UIUC,43,2025,6,"Outdoors, Movies, Sports",Computer Science
Lianne,Tordiffe,ltordiffe70@elpais.com,Female,UCB,38,2022,12,"Anime, Movies, Gaming",Engineering
Gayle,Kitney,gkitney71@abc.net.au,Male,UTA,40,2026,12,"Sports, Coding, Art",Engineering
Welby,Bessey,wbessey72@i2i.jp,Genderfluid,PU,42,2022,12,"Travel, Gaming, Coding",Liberal Arts
Kellen,Tredwell,ktredwell73@comsenz.com,Female,UWM,34,2023,12,"Travel, Art, Outdoors",Nursing
Alec,Sundin,asundin74@a8.net,Male,UCLA,26,2025,6,"Sports, Anime, Music",Nursing
Shayne,Chisholme,schisholme75@lulu.com,Female,UW,21,2025,6,"Music, Sports, Art",Biology
Carmita,Moss,cmoss76@nationalgeographic.com,Female,CU,44,2022,6,"Travel, Gaming, Movies",Accounting
Guntar,Kelston,gkelston77@vistaprint.com,Male,UW,42,2025,12,"Travel, Foodie, Coding",Nursing
Walden,Dunkerton,wdunkerton78@si.edu,Male,UTA,44,2023,12,"Outdoors, Art, Sports",Accounting
Sarena,Lismer,slismer79@free.fr,Female,HU,46,2022,12,"Art, Coding, Outdoors",Accounting
Che,Van Salzberger,cvansalzberger7a@netvibes.com,Male,CU,20,2025,12,"Foodie, Outdoors, Art",Engineering
Farrel,Lope,flope7b@examiner.com,Male,CU,46,2025,6,"Gaming, Coding, Sports",Computer Science
Joseito,Marran,jmarran7c@marriott.com,Non-binary,UCSA,19,2023,6,"Art, Outdoors, Sports",Accounting
Kip,Vockings,kvockings7d@huffingtonpost.com,Female,UPenn,36,2025,12,"Art, Coding, Travel",Nursing
Godart,Boulds,gboulds7e@devhub.com,Male,UMAA,39,2026,6,"Gaming, Coding, Outdoors",Business
Briggs,Perocci,bperocci7f@cmu.edu,Male,UW,50,2025,12,"Movies, Outdoors, Sports",Biology
Myrtia,Glanton,mglanton7g@comcast.net,Female,UPenn,31,2024,6,"Music, Anime, Art",Computer Science
Si,Spurryer,sspurryer7h@jigsy.com,Genderfluid,UMCP,49,2026,12,"Anime, Art, Gaming",Computer Science
Ephraim,Kettoe,ekettoe7i@ebay.com,Bigender,UPenn,44,2025,12,"Music, Coding, Sports",General Studies
Lancelot,Madgewick,lmadgewick7j@ycombinator.com,Male,CIT,20,2024,6,"Movies, Outdoors, Foodie",Accounting
Renado,Bernardino,rbernardino7k@newsvine.com,Male,UWM,47,2026,6,"Sports, Coding, Foodie",Nursing
Tomkin,Naerup,tnaerup7l@wired.com,Male,HU,29,2025,12,"Gaming, Music, Sports",Business
Yank,Kunneke,ykunneke7m@lycos.com,Male,UTA,19,2026,6,"Outdoors, Music, Art",Engineering
Hinze,Ewen,hewen7n@homestead.com,Bigender,SU,36,2022,12,"Movies, Sports, Gaming",Business
Veriee,Edgson,vedgson7o@fda.gov,Female,UW,46,2023,6,"Movies, Music, Travel",Computer Science
Stearne,McIan,smcian7p@domainmarket.com,Male,UPenn,32,2025,12,"Movies, Coding, Art",Nursing
Mace,Siggery,msiggery7q@nytimes.com,Male,UW,19,2024,12,"Music, Movies, Art",General Studies
Garrik,Cheesman,gcheesman7r@acquirethisname.com,Male,UCSA,50,2024,6,"Travel, Outdoors, Movies",Biology
Chickie,Barttrum,cbarttrum7s@wikimedia.org,Female,UMCP,34,2025,6,"Art, Gaming, Foodie",Liberal Arts
Gunilla,Cord,gcord7t@fda.gov,Female,UWM,22,2026,6,"Art, Outdoors, Coding",Engineering
Bevan,Binnes,bbinnes7u@arizona.edu,Male,GT,29,2026,6,"Coding, Sports, Travel",Nursing
Davidson,Gibbon,dgibbon7v@acquirethisname.com,Male,UMCP,30,2022,12,"Movies, Anime, Coding",Computer Science
Pepe,Scase,pscase7w@cmu.edu,Male,UMCP,40,2026,6,"Travel, Foodie, Art",Engineering
Vinny,Langridge,vlangridge7x@buzzfeed.com,Male,UW,45,2022,12,"Movies, Outdoors, Foodie",Engineering
Gilly,Wilcher,gwilcher7y@youtube.com,Agender,MIT,50,2022,12,"Coding, Music, Travel",Engineering
Mariellen,Ivey,mivey7z@facebook.com,Female,CU,33,2023,12,"Movies, Coding, Music",Computer Science
Alfred,Verrillo,averrillo80@europa.eu,Agender,UPenn,18,2025,6,"Music, Movies, Travel",Engineering
Tome,MacElane,tmacelane81@barnesandnoble.com,Male,UCB,28,2023,6,"Coding, Outdoors, Anime",Engineering
Cele,Pobjoy,cpobjoy82@netlog.com,Bigender,UWM,26,2022,6,"Coding, Art, Sports",Computer Science
Padraig,Simonato,psimonato83@virginia.edu,Male,CIT,36,2023,12,"Gaming, Music, Anime",Business
Erik,Zavattiero,ezavattiero84@umich.edu,Male,CMU,27,2024,12,"Coding, Movies, Anime",Other
Gabby,Bugbird,gbugbird85@1688.com,Agender,UMAA,45,2023,6,"Art, Foodie, Music",Nursing
Tamiko,Boynton,tboynton86@flickr.com,Female,UIUC,43,2026,12,"Sports, Art, Outdoors",Biology
Jaye,Abbots,jabbots87@army.mil,Male,UCSA,44,2024,6,"Art, Foodie, Outdoors",Business
Anson,Liversedge,aliversedge88@photobucket.com,Male,CMU,21,2025,6,"Coding, Movies, Music",Engineering
Bernette,Raoux,braoux89@hibu.com,Female,UMCP,22,2026,12,"Travel, Movies, Anime",Computer Science
Meade,Middlewick,mmiddlewick8a@prnewswire.com,Polygender,UMCP,28,2023,6,"Gaming, Art, Foodie",Nursing
Rainer,Dawkins,rdawkins8b@arstechnica.com,Male,PU,24,2022,6,"Coding, Foodie, Travel",Nursing
Eba,Chisnall,echisnall8c@usgs.gov,Female,UPenn,38,2023,12,"Anime, Outdoors, Sports",Business
Mercy,Parfrey,mparfrey8d@tuttocitta.it,Female,UCLA,29,2026,12,"Movies, Sports, Anime",Engineering
Brad,Melbury,bmelbury8e@myspace.com,Male,UMAA,46,2025,6,"Music, Coding, Foodie",Liberal Arts
Venus,Wathen,vwathen8f@wired.com,Female,UCB,18,2022,6,"Outdoors, Travel, Coding",Computer Science
Krystle,Roscamps,kroscamps8g@arstechnica.com,Female,UW,46,2025,12,"Music, Art, Outdoors",Engineering
Arney,Daniele,adaniele8h@oakley.com,Male,UMCP,28,2025,6,"Anime, Travel, Outdoors",Accounting
Dennison,Sharphouse,dsharphouse8i@census.gov,Male,UCSA,33,2026,12,"Movies, Outdoors, Foodie",Engineering
Fayth,Twort,ftwort8j@columbia.edu,Female,UIUC,19,2026,6,"Art, Music, Outdoors",Nursing
Marlon,Carren,mcarren8k@weibo.com,Male,UMCP,31,2024,6,"Anime, Art, Outdoors",Engineering
Amory,Dutnall,adutnall8l@buzzfeed.com,Male,CMU,23,2026,12,"Foodie, Sports, Outdoors",Engineering
Jocelyn,Goldney,jgoldney8m@prweb.com,Female,UW,21,2022,6,"Music, Art, Sports",Computer Science
Krisha,Paynter,kpaynter8n@liveinternet.ru,Male,GT,31,2022,12,"Anime, Coding, Foodie",Computer Science
Claiborne,Foxworthy,cfoxworthy8o@nydailynews.com,Male,HU,22,2023,12,"Gaming, Art, Movies",Business
Vassili,Lancetter,vlancetter8p@fc2.com,Male,CIT,23,2023,6,"Foodie, Sports, Travel",Engineering
Ginger,Gini,ggini8q@soup.io,Male,GT,36,2022,6,"Coding, Travel, Outdoors",Nursing
Sarina,Pettisall,spettisall8r@weather.com,Female,UTA,29,2026,12,"Sports, Movies, Music",Engineering
Chrystal,Brookwood,cbrookwood8s@privacy.gov.au,Female,CU,28,2022,12,"Gaming, Movies, Foodie",Biology
Briana,Shand,bshand8t@list-manage.com,Female,GT,45,2026,12,"Movies, Coding, Art",Computer Science
Corliss,Chaimson,cchaimson8u@who.int,Bigender,UIUC,39,2023,12,"Movies, Anime, Art",Business
Giorgio,Toll,gtoll8v@zimbio.com,Male,UMAA,29,2022,12,"Movies, Art, Travel",Liberal Arts
Wilma,Dounbare,wdounbare8w@nature.com,Female,CIT,38,2025,6,"Sports, Art, Gaming",Engineering
Conrad,Mallabon,cmallabon8x@skype.com,Genderqueer,UMCP,49,2024,6,"Coding, Music, Sports",Accounting
Koo,Spencer,kspencer8y@parallels.com,Female,SU,34,2023,12,"Sports, Gaming, Foodie",Computer Science
Martita,Widdicombe,mwiddicombe8z@tuttocitta.it,Agender,PU,21,2024,12,"Gaming, Coding, Outdoors",Biology
Katherine,Milmore,kmilmore90@cocolog-nifty.com,Female,UMCP,32,2024,6,"Movies, Outdoors, Travel",Engineering
Zitella,Sleit,zsleit91@mozilla.com,Female,UTA,25,2023,12,"Outdoors, Coding, Foodie",Business
Britta,Buckam,bbuckam92@opensource.org,Female,UMAA,50,2026,12,"Art, Music, Travel",Nursing
Gustave,Hedgeman,ghedgeman93@a8.net,Polygender,UTA,22,2026,6,"Art, Music, Gaming",Engineering
Kaela,Aynold,kaynold94@arstechnica.com,Female,UTA,27,2024,12,"Coding, Anime, Gaming",Nursing
Aubrey,D'Avaux,adavaux95@devhub.com,Male,HU,44,2026,6,"Gaming, Coding, Foodie",Liberal Arts
Melloney,Tregona,mtregona96@gravatar.com,Female,SU,46,2024,12,"Anime, Foodie, Outdoors",Engineering
Gauthier,Peasegod,gpeasegod97@nymag.com,Male,PU,22,2024,6,"Travel, Gaming, Art",Computer Science
Leonie,Comizzoli,lcomizzoli98@wiley.com,Female,UPenn,37,2022,6,"Movies, Anime, Art",Accounting
Aldous,Allinson,aallinson99@chron.com,Male,UIUC,47,2025,12,"Travel, Sports, Outdoors",Nursing
Alanson,Brayshay,abrayshay9a@networksolutions.com,Male,GT,18,2025,6,"Movies, Outdoors, Foodie",General Studies
Charmine,Gibbings,cgibbings9b@wikia.com,Female,PU,23,2023,12,"Sports, Art, Music",Engineering
Desi,Vasyunichev,dvasyunichev9c@last.fm,Male,SU,31,2025,6,"Travel, Movies, Foodie",Engineering
Derrek,Griffen,dgriffen9d@hud.gov,Bigender,HU,37,2025,6,"Foodie, Outdoors, Art",Nursing
Leonora,MacKall,lmackall9e@amazon.com,Genderfluid,SU,43,2023,6,"Sports, Travel, Foodie",Computer Science
Maximilian,Chrystie,mchrystie9f@blog.com,Genderfluid,GT,49,2023,6,"Gaming, Outdoors, Travel",Accounting
Lock,Gossan,lgossan9g@youtube.com,Non-binary,UCB,40,2026,12,"Coding, Anime, Movies",Accounting
Jessie,O'Teague,joteague9h@nature.com,Male,UCSA,21,2024,6,"Movies, Music, Travel",Nursing
Brock,Clynmans,bclynmans9i@mysql.com,Male,PU,47,2025,6,"Movies, Outdoors, Anime",Engineering
Georgeanna,Kester,gkester9j@webeden.co.uk,Female,UCLA,34,2026,12,"Art, Travel, Anime",Nursing
Christiane,Mathys,cmathys9k@woothemes.com,Bigender,JHU,22,2026,12,"Anime, Outdoors, Coding",Computer Science
Shara,Cruz,scruz9l@hp.com,Female,CMU,40,2025,12,"Outdoors, Anime, Foodie",General Studies
Caresa,MacAdie,cmacadie9m@goodreads.com,Female,CIT,27,2022,12,"Foodie, Anime, Sports",Biology
Dani,Easterby,deasterby9n@wiley.com,Genderqueer,PU,19,2022,12,"Art, Coding, Music",General Studies
Nathanael,Curwen,ncurwen9o@barnesandnoble.com,Male,UWM,47,2026,6,"Gaming, Foodie, Music",Accounting
Nicolette,Wickey,nwickey9p@symantec.com,Female,CIT,27,2026,12,"Music, Travel, Foodie",Nursing
Bianca,Luesley,bluesley9q@bandcamp.com,Female,UCB,49,2024,6,"Anime, Music, Art",Engineering
Elmer,Giddings,egiddings9r@sina.com.cn,Male,UCLA,18,2025,6,"Movies, Sports, Gaming",Computer Science
Jo ann,Bendon,jbendon9s@hatena.ne.jp,Female,UMCP,34,2026,12,"Foodie, Gaming, Art",Accounting
Courtney,Harsum,charsum9t@dedecms.com,Male,UMAA,19,2025,12,"Art, Outdoors, Music",Computer Science
Bernice,O'Hartnett,bohartnett9u@meetup.com,Female,UW,42,2025,6,"Foodie, Anime, Outdoors",Accounting
Orelia,Kempton,okempton9v@army.mil,Female,UCSA,46,2023,6,"Music, Art, Foodie",Nursing
Amitie,Pettifer,apettifer9w@tuttocitta.it,Female,CIT,50,2022,6,"Music, Coding, Sports",Accounting
Gabe,Cooling,gcooling9x@google.de,Male,UTA,40,2026,6,"Foodie, Travel, Coding",Computer Science
Judd,Schimpke,jschimpke9y@wikispaces.com,Male,MIT,22,2026,12,"Sports, Travel, Music",Nursing
Courtnay,Boni,cboni9z@google.cn,Male,UCSA,40,2025,6,"Coding, Foodie, Gaming",Nursing
Faber,Ghelarducci,fghelarduccia0@altervista.org,Male,UCLA,18,2023,12,"Music, Travel, Gaming",Computer Science
Rab,Thain,rthaina1@globo.com,Male,CU,20,2023,6,"Anime, Foodie, Travel",Liberal Arts
Kathryn,Sloane,ksloanea2@google.it,Female,UCB,28,2025,6,"Sports, Music, Anime",Engineering
Cullie,Warne,cwarnea3@chronoengine.com,Male,UMAA,35,2024,6,"Gaming, Anime, Travel",Engineering
Nickie,Coulson,ncoulsona4@nasa.gov,Female,GT,50,2022,12,"Music, Travel, Sports",Nursing
Guglielmo,Kenway,gkenwaya5@scientificamerican.com,Male,UCLA,42,2024,12,"Outdoors, Foodie, Art",Accounting
Angelita,Pedrocco,apedroccoa6@marriott.com,Female,CU,38,2026,6,"Outdoors, Music, Sports",Other
Benjamin,Hartington,bhartingtona7@freewebs.com,Male,UCSA,22,2024,12,"Gaming, Outdoors, Movies",Nursing
Elnora,Georg,egeorga8@networkadvertising.org,Female,UCSA,41,2024,12,"Sports, Music, Foodie",Accounting
Rebe,Wyse,rwysea9@indiegogo.com,Female,UMCP,35,2025,6,"Coding, Outdoors, Travel",Computer Science
Nadya,Peyntue,npeyntueaa@about.me,Female,UPenn,23,2026,6,"Movies, Sports, Anime",Nursing
Dmitri,Fantonetti,dfantonettiab@sciencedaily.com,Male,UCLA,43,2022,6,"Foodie, Travel, Movies",Accounting
Malcolm,Giacobbo,mgiacobboac@jimdo.com,Male,GT,38,2022,6,"Outdoors, Sports, Movies",Business
Desi,Alldis,dalldisad@flickr.com,Male,GT,26,2026,12,"Music, Gaming, Anime",Engineering
Em,Smallman,esmallmanae@a8.net,Male,HU,42,2025,12,"Sports, Coding, Movies",Accounting
Teddie,Eastgate,teastgateaf@hugedomains.com,Genderfluid,UW,26,2022,12,"Movies, Music, Gaming",Computer Science
Anthia,Skill,askillag@naver.com,Female,GT,49,2023,6,"Coding, Art, Anime",Nursing
Israel,Lamyman,ilamymanah@behance.net,Male,JHU,34,2025,12,"Music, Gaming, Art",Computer Science
Jephthah,Farlamb,jfarlambai@free.fr,Genderfluid,UMCP,26,2023,12,"Coding, Music, Travel",Biology
Egan,Ericsson,eericssonaj@un.org,Male,PU,29,2025,12,"Art, Outdoors, Sports",Engineering
Augustine,Murrigan,amurriganak@upenn.edu,Male,PU,32,2025,6,"Anime, Foodie, Outdoors",General Studies
Lorne,Finney,lfinneyal@devhub.com,Female,JHU,22,2022,6,"Anime, Coding, Art",Engineering
Mason,Strick,mstrickam@rakuten.co.jp,Male,CU,30,2026,12,"Movies, Music, Anime",Nursing
Sabina,Muggleton,smuggletonan@mail.ru,Bigender,JHU,46,2022,6,"Sports, Music, Art",Engineering
Fletch,Arnaldy,farnaldyao@ustream.tv,Male,UMAA,24,2024,12,"Sports, Art, Anime",Nursing
Lowe,O'Conor,loconorap@loc.gov,Male,UWM,20,2023,12,"Travel, Anime, Outdoors",Engineering
Randall,Dillintone,rdillintoneaq@technorati.com,Genderfluid,HU,18,2025,6,"Art, Anime, Foodie",Engineering
Osgood,Jurkowski,ojurkowskiar@reuters.com,Male,CU,26,2023,6,"Travel, Music, Movies",Engineering
Waylon,Craw,wcrawas@linkedin.com,Male,SU,39,2025,6,"Anime, Travel, Sports",Computer Science
Hobey,Bodley,hbodleyat@github.io,Male,UCLA,18,2022,12,"Art, Music, Travel",Computer Science
Alvis,Genner,agennerau@virginia.edu,Male,CU,30,2023,12,"Sports, Outdoors, Foodie",Engineering
Nicholas,Clubbe,nclubbeav@hatena.ne.jp,Male,UCLA,43,2024,6,"Sports, Music, Foodie",Computer Science
Alejoa,Charman,acharmanaw@360.cn,Male,PU,43,2023,6,"Sports, Music, Movies",Accounting
Shalne,Neising,sneisingax@posterous.com,Female,CU,25,2023,6,"Sports, Gaming, Travel",Computer Science
Ninon,Vanyatin,nvanyatinay@addthis.com,Female,UCSA,30,2026,6,"Travel, Foodie, Gaming",Liberal Arts
Leisha,Kurtis,lkurtisaz@ted.com,Female,UMCP,29,2025,6,"Coding, Music, Travel",Other
Crysta,Cowitz,ccowitzb0@businessweek.com,Female,UPenn,35,2022,12,"Sports, Art, Foodie",Accounting
Stacee,Robiou,srobioub1@taobao.com,Female,UTA,45,2025,6,"Foodie, Outdoors, Travel",Computer Science
Ermin,Lensch,elenschb2@phpbb.com,Male,UMCP,39,2025,12,"Outdoors, Music, Movies",Computer Science
Desmund,Paulusch,dpauluschb3@upenn.edu,Male,GT,28,2026,12,"Foodie, Outdoors, Movies",General Studies
Misti,MacFarlane,mmacfarlaneb4@tripod.com,Polygender,CMU,41,2022,12,"Sports, Anime, Music",Engineering
Corny,Metcalf,cmetcalfb5@webnode.com,Male,UIUC,47,2022,12,"Movies, Anime, Foodie",Computer Science
Wilt,Tomkowicz,wtomkowiczb6@wsj.com,Male,SU,19,2022,12,"Music, Anime, Sports",Nursing
Nev,MacGinlay,nmacginlayb7@is.gd,Male,UW,50,2022,12,"Outdoors, Art, Gaming",Computer Science
Shellysheldon,Birckmann,sbirckmannb8@biblegateway.com,Male,HU,33,2024,6,"Music, Coding, Foodie",Business
Allison,Conerding,aconerdingb9@google.ca,Female,UCLA,49,2022,12,"Music, Outdoors, Anime",Computer Science
Liza,Kleinberer,lkleinbererba@a8.net,Female,UMCP,37,2025,12,"Anime, Music, Foodie",Nursing
Guenna,Thamelt,gthameltbb@economist.com,Female,GT,29,2024,12,"Travel, Anime, Outdoors",Accounting
Rutter,Schermick,rschermickbc@google.de,Male,UW,31,2023,12,"Anime, Coding, Art",Nursing
Charita,Jelley,cjelleybd@storify.com,Female,CU,30,2022,12,"Art, Sports, Coding",Nursing
Thayne,Tour,ttourbe@berkeley.edu,Male,UCLA,36,2024,6,"Foodie, Gaming, Travel",General Studies
Farley,Challin,fchallinbf@ca.gov,Male,JHU,49,2022,12,"Anime, Gaming, Outdoors",Business
Molli,Wallenger,mwallengerbg@statcounter.com,Female,UCSA,48,2024,6,"Art, Movies, Sports",Engineering
Hilda,Oboy,hoboybh@xrea.com,Female,MIT,35,2024,6,"Outdoors, Movies, Sports",Nursing
Cazzie,Ortmann,cortmannbi@lulu.com,Male,CIT,41,2022,12,"Sports, Movies, Anime",Nursing
Ferrell,Cruden,fcrudenbj@slashdot.org,Male,UCSA,46,2022,6,"Travel, Gaming, Sports",Business
Christoph,Bowie,cbowiebk@about.com,Male,UIUC,36,2022,6,"Foodie, Coding, Music",Nursing
Leshia,Goldspink,lgoldspinkbl@si.edu,Female,CMU,49,2024,6,"Outdoors, Foodie, Movies",Biology
Cortney,James,cjamesbm@ning.com,Female,HU,27,2025,12,"Coding, Movies, Gaming",Accounting
Earle,Custed,ecustedbn@rediff.com,Male,UPenn,40,2025,12,"Travel, Foodie, Music",Computer Science
Celka,MacMeekan,cmacmeekanbo@rambler.ru,Female,UTA,39,2026,6,"Travel, Art, Foodie",General Studies
Nicolai,Rospars,nrosparsbp@ox.ac.uk,Male,UTA,44,2023,12,"Travel, Coding, Art",Nursing
Becca,Jacklin,bjacklinbq@java.com,Female,UWM,31,2024,6,"Outdoors, Movies, Travel",Accounting
Brittne,Lark,blarkbr@chron.com,Agender,UMCP,19,2025,12,"Gaming, Art, Coding",Computer Science
Boonie,Lejeune,blejeunebs@msu.edu,Male,UCB,34,2023,12,"Art, Outdoors, Foodie",Engineering
Perla,Bezley,pbezleybt@statcounter.com,Female,PU,31,2023,6,"Anime, Art, Coding",Biology
Nedda,Soden,nsodenbu@soundcloud.com,Female,UTA,34,2022,6,"Art, Gaming, Travel",Engineering
Sherlocke,Gregoratti,sgregorattibv@cdc.gov,Male,UCLA,44,2023,12,"Gaming, Anime, Coding",Engineering
Jozef,Garrow,jgarrowbw@msu.edu,Male,UCSA,24,2024,6,"Art, Movies, Coding",Biology
Wenonah,Woodnutt,wwoodnuttbx@icio.us,Female,CU,48,2022,12,"Outdoors, Coding, Music",Biology
Bobbee,Haysman,bhaysmanby@wikipedia.org,Genderqueer,UWM,26,2025,12,"Art, Music, Coding",Business
Joaquin,Burle,jburlebz@wix.com,Polygender,UTA,26,2025,12,"Sports, Movies, Art",Liberal Arts
Michelle,Bunclark,mbunclarkc0@cornell.edu,Female,UWM,31,2024,12,"Travel, Sports, Anime",Nursing
Forbes,Brando,fbrandoc1@google.it,Male,MIT,46,2024,12,"Travel, Sports, Gaming",Liberal Arts
Mathias,Bramall,mbramallc2@photobucket.com,Male,UCLA,43,2023,12,"Music, Art, Outdoors",Nursing
Britni,Manuello,bmanuelloc3@nps.gov,Female,CMU,34,2026,12,"Anime, Movies, Coding",Nursing
Janene,Ponten,jpontenc4@narod.ru,Female,UMCP,46,2025,12,"Gaming, Music, Outdoors",Computer Science
Isaak,Burbage,iburbagec5@amazon.com,Male,CMU,31,2026,6,"Anime, Outdoors, Sports",Other
Thaddeus,Kornilyev,tkornilyevc6@tiny.cc,Male,UCSA,44,2026,12,"Sports, Foodie, Outdoors",Biology
Hakim,Sill,hsillc7@ow.ly,Male,UCB,39,2026,6,"Outdoors, Gaming, Travel",General Studies
Ronnica,Merring,rmerringc8@discovery.com,Female,UMAA,19,2022,12,"Sports, Travel, Anime",General Studies
Randell,Wisdish,rwisdishc9@nba.com,Bigender,UCLA,32,2024,12,"Movies, Coding, Art",Engineering
Doralin,MacCartan,dmaccartanca@blogspot.com,Female,HU,40,2026,12,"Foodie, Outdoors, Travel",Engineering
Rand,Channon,rchannoncb@mit.edu,Male,UMAA,30,2024,6,"Sports, Foodie, Anime",Liberal Arts
Lambert,Schrei,lschreicc@blogtalkradio.com,Male,SU,35,2024,12,"Coding, Movies, Foodie",Biology
Audra,Woolmore,awoolmorecd@xing.com,Female,UWM,26,2026,6,"Foodie, Movies, Music",Business
Kriste,Cattel,kcattelce@elpais.com,Female,UMAA,44,2023,6,"Music, Art, Sports",Computer Science
Thaxter,Archdeckne,tarchdecknecf@goo.ne.jp,Male,UPenn,35,2025,12,"Foodie, Travel, Movies",Engineering
Jeremias,Heape,jheapecg@imgur.com,Genderqueer,UMCP,28,2022,6,"Anime, Travel, Foodie",Engineering
Jaquelyn,Eustace,jeustacech@hud.gov,Female,UMAA,41,2025,6,"Coding, Music, Travel",Business
Farrel,Yuryaev,fyuryaevci@mit.edu,Male,UTA,34,2026,12,"Foodie, Outdoors, Coding",Accounting
Alvinia,Kellart,akellartcj@cdc.gov,Female,UMCP,49,2026,12,"Anime, Gaming, Travel",Computer Science
Victor,Oldmeadow,voldmeadowck@google.com.hk,Male,GT,26,2022,6,"Sports, Outdoors, Music",Biology
Ilsa,Kenyam,ikenyamcl@bizjournals.com,Female,UMAA,32,2023,12,"Foodie, Gaming, Music",Liberal Arts
Walther,Bastable,wbastablecm@dailymail.co.uk,Male,UMAA,22,2025,6,"Travel, Sports, Coding",Biology
Nadiya,Willoughley,nwilloughleycn@free.fr,Female,UWM,33,2026,12,"Coding, Music, Outdoors",Accounting
Layla,Lanphere,llanphereco@zdnet.com,Female,UMAA,33,2024,6,"Travel, Movies, Gaming",Biology
Nedda,Haggarth,nhaggarthcp@printfriendly.com,Female,UIUC,21,2025,12,"Music, Sports, Foodie",Computer Science
Cele,Triebner,ctriebnercq@mit.edu,Female,UIUC,24,2022,12,"Art, Anime, Outdoors",Nursing
Guntar,Despenser,gdespensercr@last.fm,Male,UPenn,45,2025,12,"Outdoors, Music, Coding",Computer Science
Silva,D'Orsay,sdorsaycs@friendfeed.com,Female,UWM,36,2024,12,"Coding, Art, Outdoors",Engineering
Elke,Ring,eringct@umich.edu,Female,CU,39,2022,6,"Music, Travel, Art",Engineering
Bessie,Unger,bungercu@mayoclinic.com,Female,UPenn,26,2024,6,"Anime, Outdoors, Gaming",Accounting
Theodor,Duignan,tduignancv@vinaora.com,Male,CMU,27,2025,12,"Foodie, Travel, Gaming",Engineering
Maggi,Instrell,minstrellcw@shareasale.com,Female,PU,42,2022,12,"Outdoors, Travel, Coding",Nursing
Giffer,Takis,gtakiscx@surveymonkey.com,Male,CMU,29,2025,6,"Music, Sports, Anime",Computer Science
Frederic,Gonzales,fgonzalescy@usatoday.com,Bigender,CU,49,2026,6,"Sports, Foodie, Movies",Other
Mose,Rubroe,mrubroecz@pagesperso-orange.fr,Male,HU,20,2023,6,"Coding, Art, Travel",Other
Dar,Mattisson,dmattissond0@foxnews.com,Male,SU,37,2024,6,"Gaming, Coding, Sports",Engineering
Eydie,Cunnell,ecunnelld1@eepurl.com,Female,UW,39,2026,6,"Travel, Anime, Sports",Computer Science
Hermia,Rothermel,hrothermeld2@gravatar.com,Female,HU,23,2022,6,"Movies, Foodie, Sports",Accounting
Levin,Falla,lfallad3@marketwatch.com,Male,UTA,37,2024,12,"Foodie, Movies, Travel",Biology
Odo,Pantone,opantoned4@wordpress.org,Male,CIT,35,2024,6,"Gaming, Travel, Outdoors",Engineering
Dagmar,O'Halligan,dohalligand5@slideshare.net,Female,GT,42,2022,12,"Art, Music, Coding",Nursing
Franklyn,Fritzer,ffritzerd6@photobucket.com,Male,UWM,47,2024,12,"Anime, Art, Coding",Accounting
Jeromy,Costy,jcostyd7@github.io,Male,UW,30,2024,12,"Foodie, Anime, Coding",Engineering
Leesa,Dyte,ldyted8@123-reg.co.uk,Female,CMU,35,2026,6,"Anime, Music, Travel",Engineering
Bron,Proschke,bproschked9@live.com,Male,UPenn,25,2023,12,"Music, Anime, Travel",Nursing
Daryl,Pasby,dpasbyda@homestead.com,Male,UCB,26,2024,6,"Movies, Outdoors, Anime",Nursing
Xylia,Jovic,xjovicdb@google.co.uk,Female,UCB,18,2025,6,"Movies, Anime, Sports",Computer Science
Ado,cornhill,acornhilldc@ca.gov,Male,UPenn,27,2022,6,"Travel, Art, Gaming",Engineering
Lila,Graybeal,lgraybealdd@geocities.jp,Genderqueer,MIT,48,2022,12,"Music, Foodie, Sports",Business
Herbert,Preene,hpreenede@angelfire.com,Bigender,CMU,32,2024,6,"Anime, Foodie, Coding",Nursing
Cassaundra,Drohan,cdrohandf@elpais.com,Female,UMCP,26,2022,6,"Gaming, Outdoors, Movies",Nursing
Gelya,Hewell,ghewelldg@timesonline.co.uk,Female,CMU,37,2022,6,"Movies, Gaming, Art",Biology
Lorri,Petriello,lpetriellodh@eventbrite.com,Female,UTA,27,2025,6,"Anime, Coding, Music",Accounting
Arley,Franklen,afranklendi@phpbb.com,Male,UMAA,47,2026,12,"Coding, Travel, Outdoors",Business
Rhett,Petrie,rpetriedj@census.gov,Male,CU,27,2025,12,"Gaming, Foodie, Art",Nursing
Myrvyn,Curnokk,mcurnokkdk@github.com,Male,UW,38,2023,6,"Movies, Gaming, Music",Other
Vanya,Casemore,vcasemoredl@bravesites.com,Male,UCSA,35,2026,6,"Gaming, Art, Sports",Nursing
Laurianne,Lorinez,llorinezdm@kickstarter.com,Female,UMCP,28,2025,12,"Anime, Art, Coding",Engineering
Percival,Fendlen,pfendlendn@google.ca,Male,JHU,50,2023,12,"Movies, Coding, Travel",Computer Science
Alanson,Goodwin,agoodwindo@addtoany.com,Male,JHU,33,2025,6,"Gaming, Coding, Outdoors",Computer Science
Luke,Hodgon,lhodgondp@wufoo.com,Male,SU,45,2022,6,"Outdoors, Sports, Anime",Other
Berkeley,Pietri,bpietridq@techcrunch.com,Male,UMCP,44,2024,6,"Sports, Art, Gaming",Computer Science
Correy,Robker,crobkerdr@facebook.com,Male,SU,20,2023,6,"Anime, Sports, Coding",Engineering
Gary,Bonnet,gbonnetds@cbsnews.com,Male,CIT,36,2025,12,"Coding, Anime, Music",Computer Science
Donovan,Arunowicz,darunowiczdt@yahoo.com,Male,UCLA,39,2022,6,"Foodie, Music, Gaming",Engineering
Eda,Dunsmuir,edunsmuirdu@xinhuanet.com,Female,UWM,44,2025,12,"Travel, Gaming, Outdoors",Engineering
Bridie,Chatenet,bchatenetdv@pinterest.com,Female,GT,48,2022,6,"Anime, Travel, Movies",Computer Science
Perla,Drayn,pdrayndw@who.int,Female,HU,40,2025,12,"Gaming, Art, Coding",Biology
Cheslie,Pendlebery,cpendleberydx@feedburner.com,Female,UCSA,41,2023,6,"Travel, Coding, Foodie",Computer Science
Viva,Rosenblum,vrosenblumdy@addthis.com,Female,UCB,44,2026,12,"Sports, Movies, Foodie",General Studies
Waring,Liger,wligerdz@hhs.gov,Male,UMAA,49,2022,6,"Foodie, Anime, Outdoors",Computer Science
Katuscha,Screas,kscrease0@bloglines.com,Female,CU,41,2023,6,"Movies, Art, Anime",Biology
Sissy,Kellett,skellette1@blogger.com,Agender,UTA,48,2022,6,"Anime, Travel, Music",Computer Science
Judi,Murrie,jmurriee2@accuweather.com,Female,JHU,18,2024,6,"Foodie, Movies, Music",Computer Science
Debora,Bernardin,dbernardine3@naver.com,Female,SU,44,2023,6,"Art, Movies, Music",Engineering
Hershel,Harbage,hharbagee4@ted.com,Male,UCSA,18,2026,6,"Foodie, Travel, Outdoors",Computer Science
Elfrieda,Andrelli,eandrellie5@senate.gov,Female,UMAA,22,2023,12,"Foodie, Anime, Music",Computer Science
Waly,Melchior,wmelchiore6@accuweather.com,Bigender,UPenn,47,2022,6,"Art, Foodie, Movies",Engineering
Helsa,Drover,hdrovere7@webeden.co.uk,Female,CU,31,2024,6,"Foodie, Sports, Art",Nursing
Abby,Chaise,achaisee8@blinklist.com,Female,UCLA,34,2024,12,"Gaming, Movies, Sports",Accounting
Catlin,Laterza,claterzae9@nytimes.com,Female,UCLA,22,2026,12,"Movies, Anime, Gaming",Engineering
Marcella,Matthieson,mmatthiesonea@cornell.edu,Female,UMAA,39,2024,12,"Outdoors, Art, Sports",Biology
Stanislaus,Dawbery,sdawberyeb@rambler.ru,Male,SU,31,2022,12,"Sports, Coding, Movies",Computer Science
Golda,Jodlowski,gjodlowskiec@ebay.com,Female,UPenn,44,2023,6,"Sports, Gaming, Music",Biology
Matilda,Simecek,msimeceked@ca.gov,Female,UCB,47,2026,6,"Foodie, Gaming, Sports",Nursing
Berti,McFarlane,bmcfarlaneee@opensource.org,Female,MIT,37,2022,12,"Foodie, Sports, Music",Engineering
Karisa,Jedrzejczyk,kjedrzejczykef@nhs.uk,Female,UCLA,25,2024,6,"Anime, Music, Art",Computer Science
Meghan,Willford,mwillfordeg@state.gov,Female,GT,46,2025,6,"Travel, Outdoors, Music",Accounting
Calypso,McKee,cmckeeeh@stumbleupon.com,Female,UTA,25,2026,12,"Foodie, Anime, Sports",General Studies
Idalina,Spata,ispataei@mozilla.com,Female,HU,19,2026,12,"Art, Foodie, Anime",Computer Science
Brear,Bradborne,bbradborneej@zdnet.com,Non-binary,UCSA,47,2025,6,"Music, Movies, Foodie",Liberal Arts
Daren,Edelman,dedelmanek@reuters.com,Male,HU,18,2022,6,"Outdoors, Foodie, Movies",Nursing
Isidora,Goneau,igoneauel@slate.com,Female,CIT,46,2023,6,"Anime, Gaming, Foodie",Computer Science
Petronille,Pigford,ppigfordem@nationalgeographic.com,Female,JHU,44,2025,12,"Travel, Music, Anime",Computer Science
Ciel,Gillham,cgillhamen@webs.com,Polygender,JHU,35,2022,12,"Travel, Anime, Art",Computer Science
Jewelle,Dietmar,jdietmareo@cargocollective.com,Female,JHU,34,2023,12,"Foodie, Anime, Art",Nursing
Aile,Egre,aegreep@chicagotribune.com,Female,MIT,25,2023,12,"Travel, Music, Outdoors",Business
Max,L'Archer,mlarchereq@sitemeter.com,Female,CIT,48,2024,12,"Travel, Gaming, Movies",Accounting
Hagan,McLeman,hmclemaner@gnu.org,Male,SU,22,2024,12,"Outdoors, Music, Movies",Accounting
Jessica,Menicomb,jmenicombes@indiegogo.com,Female,UIUC,19,2023,12,"Anime, Art, Foodie",Computer Science
Tiffanie,Gilardone,tgilardoneet@walmart.com,Female,UWM,21,2024,6,"Foodie, Movies, Sports",Accounting
Elihu,Bridgwood,ebridgwoodeu@quantcast.com,Male,CIT,32,2025,6,"Music, Coding, Anime",Nursing
Stuart,Zum Felde,szumfeldeev@usgs.gov,Male,JHU,35,2023,12,"Sports, Foodie, Outdoors",Accounting
Ximenez,Picott,xpicottew@dailymail.co.uk,Male,CMU,41,2024,12,"Anime, Music, Movies",Computer Science
Charlotte,Kunzel,ckunzelex@apple.com,Female,UW,22,2022,12,"Outdoors, Music, Sports",Business
Bernard,Eskriet,beskrietey@upenn.edu,Male,UTA,30,2025,12,"Gaming, Outdoors, Coding",Liberal Arts
Nahum,Newcome,nnewcomeez@oracle.com,Male,CMU,26,2024,12,"Travel, Coding, Sports",Engineering
Clyve,Chaudrelle,cchaudrellef0@rambler.ru,Genderqueer,PU,21,2026,12,"Coding, Music, Anime",Liberal Arts
Adah,Clague,aclaguef1@boston.com,Female,MIT,41,2026,6,"Art, Travel, Music",Nursing
Ninnette,Milmith,nmilmithf2@google.co.jp,Female,UMCP,26,2023,12,"Sports, Music, Foodie",Nursing
Percival,Kerne,pkernef3@delicious.com,Male,UTA,44,2026,6,"Anime, Music, Art",Computer Science
Millard,Steinham,msteinhamf4@weather.com,Agender,UW,36,2022,12,"Movies, Coding, Outdoors",Biology
Kele,Simcoe,ksimcoef5@diigo.com,Male,GT,20,2022,6,"Outdoors, Music, Anime",Biology
Hercules,Coyte,hcoytef6@elegantthemes.com,Male,UIUC,20,2022,12,"Music, Gaming, Travel",Nursing
Sheila-kathryn,Anthiftle,santhiftlef7@youtube.com,Female,CU,32,2022,6,"Gaming, Travel, Sports",Business
Duffy,Gagan,dgaganf8@nifty.com,Male,SU,19,2022,6,"Gaming, Travel, Foodie",Nursing
Kendrick,Ilsley,kilsleyf9@webeden.co.uk,Male,JHU,23,2024,12,"Movies, Gaming, Music",Liberal Arts
Dermot,Gianelli,dgianellifa@nba.com,Male,UPenn,26,2024,6,"Anime, Foodie, Movies",General Studies
Sheelagh,Walpole,swalpolefb@theglobeandmail.com,Female,UCLA,45,2024,6,"Foodie, Travel, Sports",Other
Creight,Feaver,cfeaverfc@1688.com,Male,UPenn,36,2025,6,"Movies, Outdoors, Music",Business
Florri,Cadlock,fcadlockfd@msu.edu,Female,CIT,50,2023,12,"Art, Travel, Movies",Business
Merrie,Fellman,mfellmanfe@google.ru,Female,JHU,47,2025,12,"Travel, Coding, Gaming",Accounting
Artemis,Sybe,asybeff@pagesperso-orange.fr,Male,CIT,33,2026,6,"Coding, Movies, Sports",Business
Isobel,Ollerenshaw,iollerenshawfg@php.net,Female,CIT,29,2023,12,"Music, Outdoors, Sports",Accounting
Tobit,O'Lochan,tolochanfh@yahoo.co.jp,Male,CU,18,2025,6,"Music, Coding, Art",Nursing
Clarissa,Akroyd,cakroydfi@time.com,Female,UIUC,22,2023,6,"Anime, Travel, Coding",Computer Science
Tabatha,McArthur,tmcarthurfj@buzzfeed.com,Female,UCSA,48,2026,12,"Movies, Outdoors, Coding",Business
Geoffry,Stapford,gstapfordfk@aboutads.info,Male,UMAA,26,2022,12,"Anime, Travel, Art",Computer Science
Benn,Milsted,bmilstedfl@reference.com,Male,PU,48,2024,6,"Movies, Coding, Art",Nursing
Vanny,Jukubczak,vjukubczakfm@weather.com,Female,UTA,32,2023,6,"Sports, Coding, Outdoors",Accounting
Sullivan,Drennan,sdrennanfn@thetimes.co.uk,Male,UMAA,40,2025,6,"Travel, Gaming, Anime",Business
Tim,Chad,tchadfo@vimeo.com,Male,PU,44,2023,12,"Gaming, Outdoors, Sports",Liberal Arts
Kristoforo,Spavins,kspavinsfp@joomla.org,Male,UCLA,28,2025,12,"Outdoors, Travel, Anime",Nursing
Stavro,Bugg,sbuggfq@parallels.com,Male,UWM,34,2024,6,"Outdoors, Travel, Foodie",Engineering
Josselyn,Cleverly,jcleverlyfr@reverbnation.com,Female,GT,38,2023,6,"Coding, Travel, Movies",Nursing
Claudianus,Verdie,cverdiefs@de.vu,Male,UPenn,36,2022,12,"Music, Outdoors, Coding",Biology
Kary,Annear,kannearft@cargocollective.com,Female,UCB,28,2026,12,"Travel, Sports, Foodie",Computer Science
Zeke,Borrow,zborrowfu@cdc.gov,Male,UCLA,31,2022,6,"Art, Outdoors, Travel",Liberal Arts
Robbin,Alflat,ralflatfv@zdnet.com,Female,SU,22,2024,12,"Gaming, Outdoors, Movies",Liberal Arts
Mac,Binnes,mbinnesfw@wunderground.com,Male,UW,19,2024,12,"Coding, Gaming, Travel",Nursing
Charley,Gradley,cgradleyfx@marketwatch.com,Male,GT,31,2026,6,"Music, Movies, Foodie",Biology
Arleta,Boame,aboamefy@taobao.com,Female,MIT,19,2023,6,"Art, Outdoors, Coding",Engineering
Stephine,Pierri,spierrifz@vinaora.com,Female,CMU,23,2025,12,"Outdoors, Art, Travel",Biology
Nollie,Farlam,nfarlamg0@house.gov,Male,UMCP,25,2022,12,"Sports, Coding, Movies",Nursing
Tod,McDonogh,tmcdonoghg1@e-recht24.de,Male,UTA,24,2025,12,"Foodie, Art, Music",Nursing
Hoyt,Joannet,hjoannetg2@scribd.com,Non-binary,UCLA,38,2022,6,"Travel, Art, Foodie",Liberal Arts
Raynor,Sloey,rsloeyg3@hibu.com,Male,SU,45,2024,12,"Coding, Travel, Gaming",Computer Science
Danell,Spridgeon,dspridgeong4@oracle.com,Female,UMAA,33,2024,6,"Sports, Anime, Gaming",Business
Grete,Chaplain,gchaplaing5@ustream.tv,Female,HU,38,2026,12,"Outdoors, Sports, Music",Nursing
Geoffrey,McNaught,gmcnaughtg6@microsoft.com,Male,CIT,26,2025,12,"Travel, Gaming, Anime",Accounting
Georgeanne,Blaylock,gblaylockg7@twitpic.com,Female,UMAA,47,2022,12,"Travel, Gaming, Sports",General Studies
Lexy,Ewbanck,lewbanckg8@discovery.com,Female,MIT,19,2026,12,"Coding, Foodie, Sports",Engineering
Nolie,St. Louis,nstlouisg9@twitter.com,Female,HU,44,2023,12,"Outdoors, Foodie, Sports",General Studies
Jesse,Byas,jbyasga@hao123.com,Female,UCB,47,2022,12,"Sports, Travel, Music",Nursing
Corrie,Granville,cgranvillegb@example.com,Male,UTA,35,2024,6,"Music, Gaming, Travel",Nursing
Veronique,Rieflin,vrieflingc@java.com,Female,CIT,46,2025,12,"Music, Art, Foodie",Biology
Esdras,Welbeck,ewelbeckgd@nbcnews.com,Male,UPenn,42,2022,12,"Gaming, Music, Travel",Nursing
Angelita,Betts,abettsge@miitbeian.gov.cn,Female,UW,40,2025,12,"Anime, Coding, Travel",Engineering
Walliw,Keijser,wkeijsergf@weebly.com,Female,GT,23,2026,12,"Movies, Anime, Foodie",Nursing
Gigi,Buckenhill,gbuckenhillgg@oakley.com,Female,GT,44,2022,6,"Anime, Sports, Music",Accounting
Demetre,Franses,dfransesgh@utexas.edu,Male,CMU,22,2022,12,"Outdoors, Gaming, Coding",Engineering
Toma,Keiley,tkeileygi@kickstarter.com,Female,UWM,22,2025,12,"Anime, Music, Travel",Nursing
Tracy,Vannacci,tvannaccigj@squarespace.com,Female,UPenn,39,2026,12,"Sports, Foodie, Anime",Computer Science
Thorvald,Tilbey,ttilbeygk@geocities.com,Non-binary,UMAA,41,2026,12,"Music, Travel, Movies",Nursing
Efren,Bowerman,ebowermangl@jimdo.com,Male,HU,42,2026,6,"Music, Foodie, Movies",Engineering
Bill,Gateley,bgateleygm@oracle.com,Genderqueer,UMCP,38,2026,12,"Outdoors, Anime, Art",Nursing
Jonathon,Szubert,jszubertgn@springer.com,Male,UCSA,18,2025,12,"Sports, Coding, Foodie",Nursing
Gweneth,Hupe,ghupego@java.com,Female,UW,48,2022,12,"Art, Travel, Foodie",Business
Sallie,Mayward,smaywardgp@un.org,Female,HU,46,2022,12,"Outdoors, Art, Travel",Business
Sam,Hupka,shupkagq@skype.com,Male,UPenn,49,2023,6,"Travel, Movies, Music",Engineering
Geri,Plewes,gplewesgr@delicious.com,Female,CMU,25,2025,6,"Outdoors, Anime, Movies",Business
Matias,Sidden,msiddengs@flickr.com,Male,UMAA,25,2026,6,"Anime, Coding, Movies",Biology
Rory,Blazevic,rblazevicgt@hhs.gov,Female,JHU,43,2022,6,"Coding, Gaming, Music",Nursing
Philippe,Vigietti,pvigiettigu@nbcnews.com,Female,HU,22,2023,6,"Foodie, Music, Anime",General Studies
Salvador,Kerfod,skerfodgv@epa.gov,Male,UPenn,18,2026,6,"Foodie, Coding, Art",Engineering
Rolland,Springtorp,rspringtorpgw@vinaora.com,Male,MIT,24,2026,6,"Sports, Foodie, Art",Computer Science
Walton,Gynni,wgynnigx@tmall.com,Male,SU,28,2024,6,"Sports, Coding, Travel",Liberal Arts
Tracy,Cargo,tcargogy@ustream.tv,Female,JHU,41,2026,6,"Foodie, Travel, Sports",Engineering
Fabio,Robert,frobertgz@economist.com,Male,UW,41,2022,6,"Art, Coding, Foodie",Engineering
Luca,Ruger,lrugerh0@ask.com,Male,CU,38,2024,6,"Music, Outdoors, Movies",Nursing
Katya,Swancott,kswancotth1@java.com,Female,CIT,48,2024,12,"Movies, Art, Foodie",Liberal Arts
Jamison,Coulton,jcoultonh2@qq.com,Male,UCB,36,2024,12,"Art, Coding, Gaming",Liberal Arts
Fidelio,Asprey,faspreyh3@un.org,Male,UMAA,19,2024,12,"Music, Movies, Gaming",Biology
Gibby,Warman,gwarmanh4@wired.com,Male,HU,46,2023,6,"Gaming, Foodie, Sports",Engineering
Tedman,Pedgrift,tpedgrifth5@google.com.hk,Male,MIT,40,2023,6,"Travel, Art, Movies",Liberal Arts
Dolli,Merigon,dmerigonh6@harvard.edu,Female,CMU,45,2024,12,"Coding, Sports, Travel",Accounting
Nobie,Popelay,npopelayh7@nydailynews.com,Genderfluid,UCLA,24,2026,12,"Music, Gaming, Travel",Engineering
Retha,Keyworth,rkeyworthh8@bing.com,Genderfluid,UW,46,2025,12,"Movies, Coding, Anime",Nursing
Kele,Colman,kcolmanh9@toplist.cz,Male,JHU,46,2026,12,"Music, Outdoors, Sports",Business
Emory,Spiers,espiersha@goo.ne.jp,Male,UPenn,22,2026,12,"Gaming, Sports, Art",Engineering
Coretta,Levicount,clevicounthb@google.com.au,Female,UMAA,27,2024,6,"Travel, Sports, Outdoors",Liberal Arts
Jessie,Berecloth,jbereclothhc@hexun.com,Male,PU,23,2023,6,"Gaming, Art, Travel",Computer Science
Ber,Sweetnam,bsweetnamhd@sun.com,Male,GT,23,2022,12,"Anime, Foodie, Travel",Other
Morris,Sich,msichhe@icq.com,Male,UCB,35,2026,6,"Sports, Movies, Gaming",General Studies
Currie,Simoneau,csimoneauhf@imdb.com,Male,JHU,29,2026,12,"Travel, Art, Outdoors",Nursing
Horst,Goodanew,hgoodanewhg@tmall.com,Male,CIT,26,2025,12,"Coding, Gaming, Anime",Accounting
Claudius,Espinay,cespinayhh@mozilla.com,Male,UIUC,46,2024,12,"Travel, Outdoors, Movies",Computer Science
Shaun,Fawdry,sfawdryhi@icq.com,Female,UCSA,48,2025,6,"Travel, Music, Art",Business
Jan,Hess,jhesshj@forbes.com,Female,CIT,19,2024,6,"Movies, Foodie, Gaming",Business
Lulita,Dmytryk,ldmytrykhk@slate.com,Female,CMU,35,2026,6,"Foodie, Gaming, Outdoors",Engineering
Corliss,Rubenovic,crubenovichl@addtoany.com,Female,UCB,41,2025,12,"Anime, Movies, Gaming",Business
Lorant,Paddock,lpaddockhm@cdc.gov,Male,SU,23,2022,12,"Movies, Outdoors, Travel",Liberal Arts
Avril,Bernaert,abernaerthn@ocn.ne.jp,Female,JHU,45,2024,12,"Anime, Art, Gaming",Engineering
Beverley,Lindholm,blindholmho@blogspot.com,Female,UTA,27,2022,6,"Anime, Travel, Sports",Engineering
Byron,Goulden,bgouldenhp@so-net.ne.jp,Male,GT,34,2023,12,"Music, Sports, Travel",Nursing
Belinda,Sieve,bsievehq@apache.org,Female,UCB,22,2023,12,"Art, Movies, Gaming",Accounting
Jaquelin,Mathewes,jmatheweshr@google.com.br,Female,UMCP,47,2023,12,"Movies, Art, Music",Engineering
Myrtia,Finney,mfinneyhs@themeforest.net,Female,UW,29,2022,12,"Art, Outdoors, Gaming",Accounting
D'arcy,Salisbury,dsalisburyht@marketwatch.com,Male,UMAA,20,2025,6,"Movies, Sports, Gaming",Engineering
Mic,Lello,mlellohu@sciencedirect.com,Male,PU,35,2025,12,"Music, Outdoors, Travel",Computer Science
Elonore,Petrussi,epetrussihv@globo.com,Female,CMU,29,2024,12,"Travel, Coding, Anime",Nursing
Taffy,Le Grand,tlegrandhw@addthis.com,Female,UIUC,42,2022,12,"Movies, Travel, Art",Liberal Arts
Albina,Duell,aduellhx@cloudflare.com,Female,SU,46,2022,12,"Movies, Anime, Art",General Studies
Dodi,McChruiter,dmcchruiterhy@cbsnews.com,Female,PU,40,2025,6,"Movies, Foodie, Gaming",Accounting
Edee,Tidgewell,etidgewellhz@cnet.com,Female,UW,38,2025,6,"Movies, Art, Sports",Nursing
Trisha,Sherborne,tsherbornei0@census.gov,Female,PU,47,2025,12,"Art, Coding, Sports",Business
Giffard,Manhood,gmanhoodi1@reference.com,Male,UIUC,20,2023,6,"Movies, Music, Sports",Other
Germaine,Beilby,gbeilbyi2@theguardian.com,Male,MIT,25,2023,12,"Sports, Movies, Coding",Nursing
Hewie,Skeath,hskeathi3@wufoo.com,Male,UMAA,41,2024,6,"Foodie, Outdoors, Art",Engineering
Corine,Benner,cbenneri4@foxnews.com,Female,MIT,47,2023,12,"Sports, Travel, Gaming",Biology
Evita,Mawer,emaweri5@mit.edu,Female,SU,25,2022,6,"Outdoors, Sports, Music",Nursing
Tailor,Quesne,tquesnei6@examiner.com,Male,UPenn,47,2022,12,"Movies, Art, Gaming",Nursing
Kitty,Danett,kdanetti7@google.com.br,Female,GT,35,2023,12,"Anime, Gaming, Foodie",Business
Matteo,Blodgett,mblodgetti8@go.com,Male,UMCP,33,2024,6,"Anime, Outdoors, Music",Business
Rebeca,Mackinder,rmackinderi9@hp.com,Female,MIT,38,2022,6,"Outdoors, Foodie, Travel",Nursing
Aube,Sheavills,asheavillsia@devhub.com,Male,HU,38,2026,6,"Gaming, Sports, Music",Engineering
Ginny,Barth,gbarthib@utexas.edu,Female,CMU,44,2026,6,"Music, Outdoors, Travel",Nursing
Julius,Mewett,jmewettic@google.co.uk,Male,GT,18,2022,12,"Outdoors, Art, Movies",Accounting
Kylie,Petrello,kpetrelloid@narod.ru,Female,UW,31,2023,12,"Sports, Music, Foodie",Engineering
Sephira,Scotney,sscotneyie@aboutads.info,Female,UCB,18,2025,6,"Movies, Gaming, Coding",Engineering
Olly,Erdely,oerdelyif@joomla.org,Male,CU,22,2025,6,"Travel, Anime, Outdoors",Business
Aldin,Tiebe,atiebeig@alexa.com,Male,UPenn,23,2025,6,"Outdoors, Anime, Gaming",Business
Jaquelyn,Phillpotts,jphillpottsih@hubpages.com,Female,MIT,25,2023,12,"Music, Gaming, Art",Engineering
Alanah,Mackrill,amackrillii@dell.com,Female,UMCP,31,2024,12,"Coding, Movies, Sports",Engineering
Franky,Tadlow,ftadlowij@mapquest.com,Female,UIUC,28,2022,6,"Movies, Music, Sports",Liberal Arts
Eleanora,Boud,eboudik@time.com,Female,CU,23,2023,12,"Sports, Gaming, Anime",Engineering
Constantin,Clough,ccloughil@4shared.com,Male,HU,22,2022,6,"Sports, Movies, Art",Business
Caralie,Gianolo,cgianoloim@theguardian.com,Female,UWM,36,2022,6,"Sports, Anime, Travel",Liberal Arts
Arthur,Frankcombe,afrankcombein@chron.com,Male,UMCP,27,2022,12,"Anime, Movies, Gaming",Biology
Rolland,Swannie,rswannieio@edublogs.org,Male,CU,19,2022,6,"Anime, Movies, Music",General Studies
Clementia,Waterstone,cwaterstoneip@alibaba.com,Female,UCSA,31,2023,6,"Anime, Movies, Coding",General Studies
Ryun,Bassom,rbassomiq@blogs.com,Male,UCLA,45,2025,6,"Sports, Anime, Outdoors",Nursing
Beltran,Pettiford,bpettifordir@google.cn,Male,JHU,32,2023,12,"Sports, Foodie, Travel",Biology
Lyndy,Tofts,ltoftsis@redcross.org,Female,UW,18,2022,12,"Coding, Gaming, Anime",Engineering
Isador,Penni,ipenniit@eepurl.com,Male,HU,34,2023,6,"Outdoors, Travel, Sports",Engineering
Chaddy,Rosenstengel,crosenstengeliu@mlb.com,Male,UWM,24,2025,12,"Art, Coding, Foodie",Liberal Arts
Georgia,Accombe,gaccombeiv@utexas.edu,Female,CIT,26,2023,6,"Outdoors, Travel, Gaming",Computer Science
Burt,Eunson,beunsoniw@cargocollective.com,Genderqueer,UMAA,49,2026,6,"Coding, Movies, Sports",General Studies
Augustin,Shalders,ashaldersix@imdb.com,Male,UPenn,45,2022,12,"Movies, Coding, Art",Accounting
Graeme,Leachman,gleachmaniy@cbslocal.com,Male,CMU,29,2025,6,"Anime, Outdoors, Movies",Nursing
Erastus,Faichney,efaichneyiz@berkeley.edu,Male,PU,18,2026,12,"Coding, Art, Foodie",Other
Merrill,Dossetter,mdossetterj0@icio.us,Female,UTA,30,2026,12,"Sports, Anime, Travel",Nursing
Oralla,Piggford,opiggfordj1@biblegateway.com,Female,UCSA,40,2024,12,"Travel, Coding, Music",Nursing
Dylan,Faulkes,dfaulkesj2@theatlantic.com,Male,CU,46,2023,12,"Coding, Art, Music",Biology
Angy,Keneforde,akenefordej3@nationalgeographic.com,Female,UMAA,42,2025,12,"Sports, Coding, Anime",Liberal Arts
Goldina,Gleaves,ggleavesj4@facebook.com,Female,UMAA,23,2025,12,"Anime, Foodie, Sports",Computer Science
Melania,Balnaves,mbalnavesj5@skype.com,Female,UIUC,46,2026,6,"Outdoors, Coding, Art",General Studies
Shurlocke,Matyushkin,smatyushkinj6@biglobe.ne.jp,Male,UMAA,42,2022,12,"Gaming, Outdoors, Art",Engineering
Charles,Benoy,cbenoyj7@google.it,Male,UCSA,40,2025,12,"Art, Movies, Gaming",Computer Science
Josias,Snawdon,jsnawdonj8@economist.com,Male,UMCP,48,2023,6,"Music, Travel, Anime",Engineering
Trip,Drane,tdranej9@cocolog-nifty.com,Male,HU,19,2025,6,"Coding, Travel, Anime",Nursing
Olimpia,Donneely,odonneelyja@time.com,Female,UW,31,2024,12,"Art, Outdoors, Music",Engineering
Doll,Spurritt,dspurrittjb@wikia.com,Female,UCLA,25,2024,12,"Foodie, Gaming, Movies",General Studies
Keenan,Cromblehome,kcromblehomejc@shop-pro.jp,Male,CU,46,2025,12,"Coding, Foodie, Art",Engineering
Silvio,Abrahamoff,sabrahamoffjd@narod.ru,Male,JHU,26,2024,12,"Anime, Gaming, Coding",Computer Science
Thane,Gorstidge,tgorstidgeje@sphinn.com,Male,UWM,44,2024,6,"Travel, Art, Movies",Engineering
Maurene,Blakeslee,mblakesleejf@ovh.net,Female,UMAA,24,2025,12,"Foodie, Art, Outdoors",Engineering
Curcio,Costellow,ccostellowjg@msu.edu,Male,UW,40,2023,12,"Coding, Gaming, Movies",Nursing
Dulci,Rolfe,drolfejh@techcrunch.com,Female,UWM,48,2022,12,"Foodie, Gaming, Anime",Computer Science
Justine,Littlechild,jlittlechildji@columbia.edu,Female,UTA,40,2022,12,"Foodie, Coding, Sports",Computer Science
Earl,Geaves,egeavesjj@wsj.com,Male,CMU,43,2022,6,"Music, Outdoors, Anime",Business
Lazaro,O'Carrol,locarroljk@multiply.com,Male,UCSA,44,2026,12,"Coding, Movies, Music",Computer Science
Gilemette,Bourley,gbourleyjl@google.com,Female,CIT,29,2026,6,"Foodie, Outdoors, Travel",Computer Science
Jacqueline,Smartman,jsmartmanjm@chicagotribune.com,Bigender,CIT,37,2022,12,"Movies, Outdoors, Travel",Nursing
Timothee,Bowland,tbowlandjn@sfgate.com,Male,GT,46,2026,12,"Sports, Foodie, Art",Nursing
Darcy,Leonida,dleonidajo@ask.com,Male,CU,18,2022,12,"Anime, Sports, Music",Engineering
Cheslie,Frost,cfrostjp@economist.com,Female,UMAA,49,2026,12,"Anime, Foodie, Coding",Liberal Arts
Bonnie,Wybron,bwybronjq@jugem.jp,Female,MIT,35,2026,6,"Sports, Outdoors, Music",Engineering
Pierette,Frowen,pfrowenjr@ucla.edu,Bigender,CIT,28,2025,6,"Gaming, Music, Anime",Nursing
Nertie,Craythorne,ncraythornejs@4shared.com,Female,UCB,18,2024,6,"Coding, Sports, Movies",Business
Rhodie,Marjanovic,rmarjanovicjt@time.com,Female,HU,46,2024,6,"Coding, Anime, Movies",Business
Porter,Moraleda,pmoraledaju@google.ru,Male,UIUC,48,2022,12,"Gaming, Movies, Travel",Accounting
Carri,Bris,cbrisjv@chicagotribune.com,Female,PU,33,2026,6,"Anime, Coding, Movies",General Studies
Cosmo,Finlay,cfinlayjw@friendfeed.com,Male,UCSA,46,2023,6,"Foodie, Travel, Gaming",Business
Nichole,Rossborough,nrossboroughjx@opensource.org,Male,GT,42,2023,6,"Outdoors, Coding, Foodie",Business
Louis,Balderston,lbalderstonjy@dmoz.org,Male,UWM,43,2024,12,"Coding, Music, Art",Computer Science
Helli,Rizzo,hrizzojz@trellian.com,Female,UMAA,38,2026,12,"Movies, Coding, Art",Engineering
Maury,Conen,mconenk0@amazon.co.jp,Male,PU,42,2026,12,"Sports, Art, Foodie",Engineering
Davy,Thireau,dthireauk1@jigsy.com,Male,UIUC,40,2026,6,"Music, Outdoors, Foodie",Engineering
Hussein,Campion,hcampionk2@ovh.net,Male,UIUC,40,2023,12,"Gaming, Sports, Anime",Engineering
Nicolina,Burrow,nburrowk3@wp.com,Female,UPenn,45,2025,6,"Outdoors, Coding, Sports",Business
Moore,Dawid,mdawidk4@cloudflare.com,Male,UTA,33,2025,6,"Foodie, Music, Movies",Computer Science
Lindi,Jindrich,ljindrichk5@angelfire.com,Female,GT,37,2022,6,"Travel, Art, Movies",Engineering
Hana,Witard,hwitardk6@opera.com,Female,UMCP,37,2023,12,"Anime, Movies, Coding",Accounting
Constantine,Brettor,cbrettork7@ameblo.jp,Female,UCB,46,2023,12,"Coding, Outdoors, Gaming",Business
Brok,Prynne,bprynnek8@hhs.gov,Male,JHU,19,2026,6,"Art, Coding, Movies",Accounting
Ameline,Witham,awithamk9@imdb.com,Female,CMU,39,2026,6,"Coding, Anime, Art",Accounting
Jose,Roskelly,jroskellyka@oaic.gov.au,Male,UCB,37,2026,12,"Anime, Travel, Outdoors",Engineering
Berny,Danielovitch,bdanielovitchkb@nytimes.com,Female,UW,34,2025,12,"Movies, Foodie, Coding",Biology
Hanna,Klewer,hklewerkc@nasa.gov,Female,CU,41,2022,6,"Foodie, Coding, Movies",Nursing
Bobbi,Purver,bpurverkd@prlog.org,Female,MIT,35,2022,6,"Anime, Art, Music",Liberal Arts
Byrle,Reckless,brecklesske@sogou.com,Male,UIUC,35,2024,6,"Travel, Foodie, Coding",Engineering
Martino,Brundell,mbrundellkf@howstuffworks.com,Male,SU,33,2023,12,"Coding, Art, Foodie",Business
Beitris,Prandoni,bprandonikg@ox.ac.uk,Female,UIUC,35,2025,12,"Anime, Music, Art",Other
Hillyer,McGuggy,hmcguggykh@addtoany.com,Male,UMAA,34,2023,6,"Travel, Coding, Music",Other
Price,Mourant,pmourantki@indiatimes.com,Male,MIT,37,2024,6,"Travel, Outdoors, Foodie",Nursing
Urbano,Pringer,upringerkj@bravesites.com,Male,UCLA,38,2025,12,"Coding, Gaming, Sports",Computer Science
Lyndsey,Findlay,lfindlaykk@printfriendly.com,Female,UWM,18,2022,6,"Coding, Outdoors, Gaming",Engineering
Merle,Bladen,mbladenkl@fotki.com,Female,UMCP,49,2022,12,"Gaming, Travel, Foodie",Computer Science
Sharia,Banishevitz,sbanishevitzkm@answers.com,Female,CIT,31,2023,12,"Foodie, Art, Gaming",Business
Heidie,Poynor,hpoynorkn@admin.ch,Female,CU,29,2025,6,"Anime, Coding, Gaming",Liberal Arts
Jeddy,Suttell,jsuttellko@adobe.com,Male,CMU,45,2023,12,"Travel, Movies, Sports",Computer Science
Royall,Blazewski,rblazewskikp@constantcontact.com,Male,UMCP,34,2026,6,"Outdoors, Anime, Gaming",Computer Science
Renault,Adame,radamekq@tumblr.com,Agender,UIUC,23,2024,6,"Outdoors, Foodie, Art",Liberal Arts
Lucien,Vittori,lvittorikr@wikimedia.org,Male,UMCP,40,2026,6,"Travel, Coding, Music",Biology
Anatol,Stithe,astitheks@sbwire.com,Male,UWM,18,2024,6,"Gaming, Movies, Foodie",Computer Science
Ronica,Duigan,rduigankt@wired.com,Female,PU,38,2025,6,"Movies, Foodie, Sports",Biology
Lonnard,Garlicke,lgarlickeku@example.com,Male,UTA,30,2024,12,"Foodie, Outdoors, Movies",Liberal Arts
Aleece,Mourant,amourantkv@toplist.cz,Female,UWM,49,2023,12,"Coding, Foodie, Sports",Liberal Arts
Tanhya,Kidder,tkidderkw@a8.net,Female,PU,23,2023,6,"Gaming, Travel, Foodie",Nursing
Sioux,Dusting,sdustingkx@lycos.com,Female,UCSA,44,2024,6,"Outdoors, Art, Music",Other
Franklyn,Dyos,fdyosky@edublogs.org,Male,CIT,42,2023,6,"Anime, Foodie, Sports",Computer Science
Desiree,Genge,dgengekz@cdc.gov,Agender,UW,39,2024,6,"Travel, Gaming, Sports",Other
Tish,Errol,terroll0@pen.io,Female,UCLA,39,2023,12,"Music, Art, Gaming",Computer Science
Chlo,Cuckson,ccucksonl1@blogs.com,Female,CMU,34,2022,6,"Anime, Music, Outdoors",Other
Wilek,Cornelleau,wcornelleaul2@163.com,Male,MIT,26,2024,12,"Sports, Foodie, Anime",Nursing
Lorelle,Grzelczyk,lgrzelczykl3@yahoo.com,Genderqueer,PU,49,2024,6,"Anime, Gaming, Music",Nursing
Keane,Bellinger,kbellingerl4@vinaora.com,Polygender,HU,48,2026,12,"Gaming, Anime, Foodie",Nursing
Heinrick,Jacob,hjacobl5@senate.gov,Male,UMAA,41,2026,12,"Foodie, Outdoors, Movies",Other
Katy,Boxhill,kboxhilll6@simplemachines.org,Female,UPenn,30,2025,12,"Foodie, Coding, Movies",Computer Science
Geoffrey,Esposito,gespositol7@sfgate.com,Male,SU,18,2023,6,"Outdoors, Music, Movies",Engineering
Jessica,Kemer,jkemerl8@spotify.com,Female,GT,33,2026,6,"Foodie, Art, Outdoors",Biology
Benetta,Stennes,bstennesl9@cbc.ca,Bigender,UMCP,21,2023,12,"Gaming, Movies, Anime",Other
Drake,Pither,dpitherla@blinklist.com,Male,UCB,30,2026,12,"Art, Foodie, Outdoors",Liberal Arts
Waldemar,Dufaur,wdufaurlb@chron.com,Male,UIUC,48,2026,6,"Music, Foodie, Travel",Nursing
Galven,Gottschalk,ggottschalklc@wikipedia.org,Male,PU,45,2025,12,"Foodie, Travel, Sports",Business
Alvy,Courtliff,acourtliffld@php.net,Male,CU,37,2024,12,"Coding, Sports, Foodie",Business
Giacinta,Legrave,glegravele@msn.com,Female,MIT,45,2023,6,"Coding, Movies, Foodie",Accounting
Brynn,Riden,bridenlf@europa.eu,Genderqueer,UTA,30,2025,6,"Gaming, Coding, Anime",General Studies
Kaylee,Jee,kjeelg@digg.com,Female,UW,25,2025,6,"Coding, Music, Sports",Liberal Arts
Chev,Rexworthy,crexworthylh@jugem.jp,Male,SU,47,2024,6,"Travel, Anime, Sports",Nursing
Farra,Mingus,fmingusli@noaa.gov,Female,UMAA,21,2024,12,"Coding, Foodie, Outdoors",Liberal Arts
Maud,Masding,mmasdinglj@hao123.com,Female,UW,28,2023,6,"Sports, Art, Anime",Other
Greggory,Yvon,gyvonlk@businesswire.com,Male,UMCP,34,2024,6,"Coding, Music, Outdoors",Liberal Arts
Briggs,Hachette,bhachettell@bigcartel.com,Male,UCSA,27,2022,6,"Travel, Music, Gaming",Nursing
Raff,Rawdales,rrawdaleslm@loc.gov,Male,PU,22,2024,6,"Anime, Art, Travel",Accounting
Basia,Sutlieff,bsutlieffln@nih.gov,Female,JHU,34,2025,6,"Anime, Travel, Movies",Liberal Arts
Wilton,Boyd,wboydlo@indiatimes.com,Male,UCB,49,2025,6,"Art, Coding, Gaming",Biology
Yvon,Vernazza,yvernazzalp@dyndns.org,Male,PU,26,2024,12,"Art, Coding, Gaming",Nursing
Thorny,Ninotti,tninottilq@google.cn,Male,SU,43,2026,6,"Outdoors, Movies, Art",Computer Science
Cassi,Orpen,corpenlr@elegantthemes.com,Female,MIT,39,2026,12,"Sports, Foodie, Coding",Engineering
Mady,Minerdo,mminerdols@aboutads.info,Female,UWM,31,2024,12,"Movies, Music, Gaming",Liberal Arts
Savina,Toward,stowardlt@printfriendly.com,Female,CIT,33,2026,6,"Art, Anime, Music",Liberal Arts
Bertha,Lensch,blenschlu@blog.com,Genderqueer,JHU,41,2026,6,"Anime, Movies, Sports",Nursing
Adrienne,Good,agoodlv@comsenz.com,Female,UMCP,21,2025,6,"Anime, Travel, Movies",Biology
Ryley,Pilmer,rpilmerlw@vistaprint.com,Male,UMAA,20,2024,12,"Movies, Gaming, Sports",General Studies
Arney,Poulgreen,apoulgreenlx@list-manage.com,Male,JHU,46,2023,6,"Movies, Art, Travel",Liberal Arts
Kati,Lemoir,klemoirly@pcworld.com,Female,UMAA,31,2022,6,"Movies, Travel, Gaming",Computer Science
Leone,Waite,lwaitelz@icio.us,Female,CMU,32,2022,12,"Anime, Coding, Gaming",Accounting
Regan,Signori,rsignorim0@sourceforge.net,Male,UTA,30,2025,12,"Foodie, Coding, Gaming",Nursing
Reuven,Colquite,rcolquitem1@youtu.be,Male,CU,49,2023,6,"Music, Art, Travel",Nursing
Aguste,Gyford,agyfordm2@zimbio.com,Male,UMAA,37,2022,6,"Coding, Art, Foodie",Nursing
Rhett,Baxstair,rbaxstairm3@yolasite.com,Male,UIUC,45,2025,6,"Music, Movies, Outdoors",Nursing
Rafaellle,Lodder,rlodderm4@ovh.net,Male,UMCP,32,2024,6,"Art, Sports, Travel",Biology
Hall,Ciccetti,hciccettim5@altervista.org,Male,UW,50,2024,6,"Music, Gaming, Movies",Engineering
Tibold,Renneke,trennekem6@seattletimes.com,Male,UCLA,28,2023,12,"Foodie, Sports, Travel",Business
Tim,Nesey,tneseym7@t-online.de,Female,UIUC,27,2022,12,"Movies, Travel, Coding",Engineering
Amargo,Mechan,amechanm8@washingtonpost.com,Female,UTA,28,2026,12,"Coding, Anime, Travel",Computer Science
Deeann,Trussman,dtrussmanm9@scribd.com,Non-binary,HU,30,2026,6,"Movies, Foodie, Art",Computer Science
Kendall,Boliver,kboliverma@whitehouse.gov,Male,UCLA,39,2022,6,"Art, Gaming, Travel",Computer Science
Ramona,D'Enrico,rdenricomb@boston.com,Female,HU,40,2024,6,"Gaming, Outdoors, Art",Accounting
Annalee,Meuse,ameusemc@instagram.com,Non-binary,GT,28,2025,6,"Sports, Music, Foodie",Accounting
Kathie,Goodhall,kgoodhallmd@themeforest.net,Female,MIT,49,2026,6,"Anime, Sports, Outdoors",Biology
Augusto,Whitemarsh,awhitemarshme@sina.com.cn,Male,JHU,45,2026,6,"Travel, Outdoors, Gaming",Biology
Elsey,Daggett,edaggettmf@nymag.com,Female,CIT,36,2026,6,"Travel, Outdoors, Coding",General Studies
Victoir,Schirok,vschirokmg@printfriendly.com,Male,PU,41,2026,6,"Gaming, Art, Movies",Accounting
Torr,Caldow,tcaldowmh@nba.com,Male,JHU,19,2023,12,"Gaming, Music, Foodie",Nursing
Collette,Karadzas,ckaradzasmi@yellowbook.com,Non-binary,UMCP,41,2025,12,"Foodie, Art, Movies",Computer Science
Kary,Bedome,kbedomemj@cloudflare.com,Female,HU,50,2022,12,"Anime, Outdoors, Coding",Computer Science
Sophi,Anneslie,sannesliemk@netscape.com,Female,GT,28,2025,6,"Movies, Art, Gaming",Nursing
Aubry,Filisov,afilisovml@epa.gov,Female,UW,38,2023,12,"Foodie, Travel, Music",Nursing
Samaria,Twelve,stwelvemm@paginegialle.it,Female,CIT,48,2026,12,"Gaming, Travel, Movies",Other
Gaile,Plumer,gplumermn@globo.com,Male,UWM,43,2024,12,"Gaming, Music, Movies",Nursing
Shamus,Blumsom,sblumsommo@princeton.edu,Bigender,CMU,50,2022,12,"Sports, Coding, Outdoors",Nursing
Lorelei,Raffan,lraffanmp@mayoclinic.com,Genderqueer,UWM,27,2024,6,"Movies, Anime, Outdoors",Engineering
Jarret,Grime,jgrimemq@sciencedaily.com,Male,UIUC,35,2022,12,"Art, Sports, Movies",Business
Terrill,Kristof,tkristofmr@irs.gov,Male,PU,45,2023,6,"Coding, Foodie, Art",Nursing
Giacinta,Recke,greckems@angelfire.com,Genderqueer,CU,32,2022,6,"Music, Foodie, Art",Computer Science
Petr,Harness,pharnessmt@weather.com,Male,UTA,49,2025,12,"Coding, Movies, Foodie",Nursing
Kristopher,Yellowley,kyellowleymu@house.gov,Genderqueer,GT,38,2023,6,"Sports, Anime, Travel",Liberal Arts
Chic,Larrat,clarratmv@liveinternet.ru,Male,CMU,48,2022,6,"Foodie, Coding, Anime",Liberal Arts
Catie,Ekins,cekinsmw@miibeian.gov.cn,Female,MIT,49,2024,12,"Anime, Foodie, Art",Business
Madelena,Feldstern,mfeldsternmx@istockphoto.com,Female,PU,19,2023,6,"Art, Sports, Anime",Biology
Knox,Allnatt,kallnattmy@nytimes.com,Polygender,CMU,34,2026,12,"Anime, Foodie, Art",Nursing
Krystalle,Gerrell,kgerrellmz@xing.com,Female,UCSA,50,2025,6,"Gaming, Travel, Foodie",Computer Science
Quincy,Wilmut,qwilmutn0@cloudflare.com,Male,SU,23,2022,12,"Coding, Travel, Outdoors",Business
Hugh,Couve,hcouven1@smh.com.au,Male,UIUC,37,2026,12,"Movies, Music, Outdoors",Engineering
Sherie,Haberfield,shaberfieldn2@marriott.com,Female,GT,50,2022,12,"Coding, Music, Foodie",Other
Anastasie,Crocker,acrockern3@illinois.edu,Female,PU,46,2025,6,"Foodie, Outdoors, Gaming",Nursing
Armando,Venable,avenablen4@digg.com,Agender,UMCP,45,2025,12,"Movies, Coding, Art",Computer Science
Gypsy,Cossans,gcossansn5@i2i.jp,Female,UW,31,2023,6,"Movies, Travel, Gaming",Computer Science
Amye,Dron,adronn6@shop-pro.jp,Non-binary,UCB,29,2025,12,"Foodie, Outdoors, Gaming",Liberal Arts
Jacquelyn,Corradi,jcorradin7@etsy.com,Female,UCLA,36,2023,6,"Travel, Anime, Sports",Liberal Arts
Tish,Lammiman,tlammimann8@mysql.com,Female,MIT,49,2023,6,"Art, Music, Sports",Liberal Arts
Etheline,Brasted,ebrastedn9@chron.com,Female,UW,18,2022,12,"Outdoors, Art, Foodie",Business
Theodosia,Bane,tbanena@phoca.cz,Female,UWM,44,2022,12,"Music, Movies, Sports",Nursing
Ruddie,Drance,rdrancenb@comcast.net,Bigender,CMU,38,2024,12,"Foodie, Art, Anime",Nursing
Rustie,Gwyllt,rgwylltnc@pbs.org,Male,GT,36,2026,6,"Coding, Gaming, Movies",Engineering
Reynold,St. Quintin,rstquintinnd@bravesites.com,Agender,UWM,23,2025,12,"Music, Anime, Gaming",Biology
Arthur,Service,aservicene@usgs.gov,Male,CIT,43,2022,6,"Travel, Sports, Music",Accounting
Merrel,Sydry,msydrynf@dyndns.org,Male,SU,27,2024,12,"Gaming, Movies, Art",Computer Science
Yorgos,Povah,ypovahng@gmpg.org,Male,GT,47,2025,12,"Art, Coding, Anime",Liberal Arts
Margarita,Sein,mseinnh@meetup.com,Female,UMAA,45,2026,12,"Music, Movies, Foodie",Business
Cad,Wallice,cwalliceni@baidu.com,Male,UW,44,2022,6,"Movies, Gaming, Art",Accounting
Judi,Boult,jboultnj@globo.com,Female,UWM,41,2023,12,"Gaming, Outdoors, Movies",Biology
Erhart,Gueny,eguenynk@unicef.org,Male,UPenn,42,2024,12,"Travel, Art, Foodie",Liberal Arts
Ave,O'Hanlon,aohanlonnl@instagram.com,Male,UIUC,25,2022,12,"Outdoors, Art, Movies",General Studies
Delaney,Speariett,dspeariettnm@businesswire.com,Male,CMU,50,2026,6,"Music, Anime, Travel",Other
Johan,Base,jbasenn@friendfeed.com,Male,SU,33,2025,12,"Gaming, Music, Foodie",Computer Science
Lanie,Prowting,lprowtingno@taobao.com,Female,CIT,23,2023,6,"Coding, Music, Outdoors",Engineering
Giffard,Gisburn,ggisburnnp@w3.org,Male,UMAA,40,2024,12,"Coding, Art, Music",General Studies
Aldin,Sainz,asainznq@nymag.com,Male,UCLA,27,2025,6,"Outdoors, Coding, Movies",Business
Brok,Cheers,bcheersnr@pagesperso-orange.fr,Male,CU,26,2023,6,"Coding, Art, Sports",General Studies
Cybill,Cramond,ccramondns@chron.com,Female,CIT,50,2026,6,"Movies, Music, Art",Computer Science
Sandro,Durward,sdurwardnt@google.ru,Male,HU,27,2022,12,"Foodie, Gaming, Music",Engineering
Barton,Ballinghall,bballinghallnu@webnode.com,Male,JHU,24,2024,6,"Outdoors, Foodie, Coding",Engineering
Clem,Pagett,cpagettnv@blog.com,Male,GT,31,2026,12,"Foodie, Music, Movies",Accounting
Trevar,Sepey,tsepeynw@jigsy.com,Male,UCSA,42,2022,12,"Foodie, Movies, Coding",Nursing
Kelsy,Weetch,kweetchnx@google.co.uk,Female,UCLA,36,2024,6,"Foodie, Coding, Sports",Nursing
Mallorie,Tournie,mtournieny@phpbb.com,Non-binary,HU,50,2025,6,"Sports, Art, Music",Nursing
Phip,Hoy,phoynz@telegraph.co.uk,Agender,MIT,34,2022,12,"Anime, Coding, Art",Business
Valaria,Fader,vfadero0@usatoday.com,Female,UIUC,25,2026,6,"Sports, Foodie, Anime",Other
Rad,Skedgell,rskedgello1@google.es,Male,UCLA,28,2025,12,"Coding, Sports, Anime",Nursing
Cassy,Legges,cleggeso2@deviantart.com,Female,SU,41,2026,12,"Movies, Foodie, Travel",Engineering
Rafi,Crockett,rcrocketto3@vistaprint.com,Male,HU,49,2023,6,"Anime, Gaming, Travel",Computer Science
Seline,Chsteney,schsteneyo4@ucsd.edu,Genderfluid,UPenn,28,2023,12,"Foodie, Sports, Movies",Computer Science
Zara,Dumbarton,zdumbartono5@cpanel.net,Female,UPenn,28,2024,6,"Foodie, Outdoors, Gaming",Engineering
Ewan,Karpf,ekarpfo6@wikipedia.org,Male,UWM,21,2022,6,"Outdoors, Anime, Gaming",Engineering
Binni,Giral,bgiralo7@businessinsider.com,Female,UW,37,2026,12,"Gaming, Travel, Sports",General Studies
Saudra,Mote,smoteo8@globo.com,Female,UW,50,2025,12,"Coding, Foodie, Music",Nursing
Neil,De Brett,ndebretto9@mapquest.com,Male,CU,34,2025,6,"Foodie, Travel, Anime",Nursing
Ellswerth,Tolhurst,etolhurstoa@reuters.com,Male,UTA,29,2023,6,"Art, Movies, Travel",Liberal Arts
Lorettalorna,Cliffe,lcliffeob@acquirethisname.com,Female,UPenn,30,2024,12,"Outdoors, Gaming, Travel",Engineering
Tisha,Caroll,tcarolloc@sfgate.com,Female,JHU,44,2024,12,"Gaming, Sports, Coding",Nursing
Branden,Dunlap,bdunlapod@newyorker.com,Genderfluid,CIT,26,2022,6,"Coding, Movies, Art",Engineering
Zelda,Dyson,zdysonoe@jigsy.com,Female,UCB,33,2024,12,"Gaming, Coding, Art",Computer Science
Ulrica,Troucher,utroucherof@arizona.edu,Female,SU,20,2022,12,"Art, Travel, Foodie",Computer Science
Reilly,Berriman,rberrimanog@a8.net,Male,PU,26,2026,6,"Anime, Travel, Art",Computer Science
Curry,Boraston,cborastonoh@microsoft.com,Male,UW,39,2026,6,"Coding, Gaming, Outdoors",Accounting
Gannie,Carthew,gcarthewoi@telegraph.co.uk,Male,GT,50,2024,6,"Anime, Gaming, Music",Computer Science
Brigitte,Drescher,bdrescheroj@berkeley.edu,Female,UIUC,46,2023,6,"Art, Outdoors, Foodie",Accounting
Beverlee,Peppin,bpeppinok@ebay.com,Female,CIT,20,2022,6,"Anime, Foodie, Travel",Engineering
Chelsy,Dewhurst,cdewhurstol@hao123.com,Female,PU,39,2023,6,"Travel, Movies, Coding",Business
Hilliard,Peschka,hpeschkaom@geocities.com,Genderfluid,SU,34,2024,12,"Movies, Music, Anime",Nursing
Massimo,Zisneros,mzisneroson@geocities.com,Male,UIUC,44,2022,6,"Foodie, Outdoors, Art",Engineering
Marianne,Cleobury,mcleoburyoo@comcast.net,Female,UMCP,21,2025,6,"Anime, Outdoors, Foodie",Computer Science
Christi,Fenck,cfenckop@360.cn,Female,UTA,29,2025,12,"Anime, Coding, Gaming",Engineering
Joellyn,Ghidelli,jghidellioq@yahoo.co.jp,Female,UMAA,30,2022,12,"Foodie, Outdoors, Coding",Computer Science
Sharline,Springell,sspringellor@mtv.com,Female,UCLA,43,2022,12,"Anime, Music, Outdoors",Nursing
Cayla,Duffield,cduffieldos@wordpress.com,Female,UCLA,30,2026,12,"Travel, Outdoors, Art",Computer Science
Toby,Mills,tmillsot@yandex.ru,Female,HU,29,2022,6,"Music, Foodie, Movies",Liberal Arts
Sisile,Haymes,shaymesou@bluehost.com,Female,UCB,28,2022,12,"Foodie, Art, Coding",Computer Science
Amby,Matashkin,amatashkinov@psu.edu,Male,UW,39,2022,6,"Movies, Travel, Gaming",Nursing
Quill,O'Hear,qohearow@google.com.au,Male,HU,49,2024,6,"Foodie, Anime, Movies",Business
Humfried,Danbi,hdanbiox@nationalgeographic.com,Male,UW,20,2026,12,"Art, Coding, Anime",Biology
Paddie,Poulsum,ppoulsumoy@dagondesign.com,Male,UPenn,45,2023,6,"Coding, Travel, Music",Accounting
Quintilla,Riccioppo,qriccioppooz@mashable.com,Female,SU,41,2023,6,"Coding, Art, Gaming",Liberal Arts
Ruthanne,Jiroudek,rjiroudekp0@about.me,Female,UIUC,42,2023,12,"Travel, Coding, Outdoors",Engineering
Tiphani,Haskayne,thaskaynep1@parallels.com,Female,HU,24,2025,6,"Anime, Gaming, Foodie",Business
Vicki,O'Crowley,vocrowleyp2@fc2.com,Female,UMAA,29,2024,12,"Travel, Gaming, Movies",Nursing
Shari,Aleevy,saleevyp3@unblog.fr,Female,UMCP,43,2024,12,"Coding, Anime, Movies",Engineering
Brod,Fearfull,bfearfullp4@4shared.com,Male,CU,45,2023,12,"Foodie, Sports, Anime",Engineering
Henka,Durn,hdurnp5@bloglines.com,Female,UTA,41,2023,12,"Gaming, Movies, Sports",Business
Jen,Egiloff,jegiloffp6@unicef.org,Non-binary,UCLA,24,2022,12,"Music, Travel, Movies",Business
Charlot,Shadwick,cshadwickp7@sohu.com,Female,CIT,26,2024,12,"Art, Foodie, Sports",Engineering
Byrann,Gavrieli,bgavrielip8@cbslocal.com,Male,UCSA,46,2023,12,"Outdoors, Anime, Coding",Business
Goober,Christophers,gchristophersp9@cdbaby.com,Male,GT,31,2026,6,"Music, Coding, Movies",Liberal Arts
Granny,Megany,gmeganypa@indiatimes.com,Male,SU,32,2024,12,"Travel, Foodie, Outdoors",Computer Science
Dominique,Paler,dpalerpb@discovery.com,Male,JHU,34,2022,12,"Anime, Movies, Art",Business
Waylen,Devonald,wdevonaldpc@gmpg.org,Male,JHU,20,2026,6,"Music, Sports, Outdoors",Biology
Lion,Edmands,ledmandspd@tinypic.com,Genderfluid,SU,26,2024,12,"Art, Travel, Outdoors",Biology
Robers,Mawtus,rmawtuspe@adobe.com,Male,UTA,45,2023,6,"Movies, Outdoors, Travel",Biology
Valle,Wingeat,vwingeatpf@quantcast.com,Male,CIT,22,2024,12,"Sports, Gaming, Anime",Nursing
Goddard,Walbridge,gwalbridgepg@hud.gov,Male,HU,40,2025,12,"Travel, Music, Coding",Biology
Melisent,Elcock,melcockph@timesonline.co.uk,Bigender,CU,27,2022,6,"Music, Sports, Art",Engineering
Barbette,Jacson,bjacsonpi@tamu.edu,Female,HU,28,2025,6,"Coding, Outdoors, Travel",Other
Mitzi,Drake,mdrakepj@narod.ru,Female,UMCP,36,2023,12,"Foodie, Art, Anime",Liberal Arts
Wilhelmina,Gowland,wgowlandpk@ehow.com,Female,UTA,41,2023,6,"Music, Travel, Outdoors",Nursing
Ker,Harse,kharsepl@nsw.gov.au,Male,JHU,40,2025,12,"Gaming, Movies, Foodie",Liberal Arts
Denise,Dillingham,ddillinghampm@studiopress.com,Female,HU,21,2025,12,"Outdoors, Anime, Travel",Biology
Casey,Higounet,chigounetpn@dion.ne.jp,Male,UPenn,20,2024,12,"Art, Travel, Movies",Biology
Florette,Smidmoor,fsmidmoorpo@multiply.com,Female,UCB,20,2023,6,"Gaming, Music, Coding",Nursing
Bridie,Phlippsen,bphlippsenpp@parallels.com,Female,UPenn,37,2025,12,"Outdoors, Movies, Anime",Computer Science
Dyane,Liddall,dliddallpq@feedburner.com,Female,UMCP,30,2025,12,"Outdoors, Anime, Sports",General Studies
Marcela,Breawood,mbreawoodpr@domainmarket.com,Female,UIUC,19,2026,6,"Sports, Movies, Gaming",Nursing
Klarika,Devo,kdevops@narod.ru,Agender,GT,43,2022,6,"Foodie, Sports, Anime",Nursing
Hilton,Ault,haultpt@tripadvisor.com,Male,UW,47,2023,12,"Art, Anime, Movies",Nursing
Benny,Spellard,bspellardpu@goo.gl,Female,CMU,26,2026,12,"Gaming, Anime, Music",Business
Trace,Abels,tabelspv@zimbio.com,Non-binary,UWM,27,2023,6,"Gaming, Anime, Foodie",Engineering
Sutton,Fellos,sfellospw@theguardian.com,Male,UW,24,2023,12,"Foodie, Gaming, Outdoors",Biology
Lottie,Spaice,lspaicepx@cafepress.com,Female,UCSA,43,2022,6,"Anime, Coding, Foodie",Accounting
Esme,Geroldi,egeroldipy@spiegel.de,Male,UPenn,37,2023,6,"Movies, Gaming, Travel",Biology
Onida,Gilbey,ogilbeypz@mashable.com,Genderqueer,PU,40,2024,12,"Sports, Outdoors, Travel",Nursing
Fan,Le Ball,fleballq0@drupal.org,Female,CU,48,2022,6,"Art, Travel, Outdoors",Business
Timofei,Craythorne,tcraythorneq1@dyndns.org,Male,CU,18,2023,12,"Foodie, Music, Art",Engineering
Rocky,Itzakson,ritzaksonq2@apache.org,Male,CMU,22,2026,6,"Sports, Music, Anime",Engineering
Aubree,Ugolotti,augolottiq3@jugem.jp,Female,CIT,39,2025,6,"Music, Art, Outdoors",Biology
Merrilee,Anderl,manderlq4@artisteer.com,Female,UCB,42,2024,6,"Sports, Anime, Gaming",Liberal Arts
Matteo,Drabble,mdrabbleq5@yahoo.co.jp,Male,JHU,32,2022,12,"Coding, Music, Outdoors",General Studies
Livvy,Allam,lallamq6@auda.org.au,Female,JHU,27,2022,12,"Coding, Anime, Outdoors",Liberal Arts
Barde,Bareford,bbarefordq7@sogou.com,Male,GT,24,2023,12,"Outdoors, Travel, Music",Computer Science
Aubrie,Semiras,asemirasq8@psu.edu,Female,PU,44,2024,12,"Coding, Travel, Anime",Nursing
Marnia,Munnion,mmunnionq9@patch.com,Female,UCSA,25,2023,12,"Foodie, Travel, Music",Biology
Roby,Blindmann,rblindmannqa@smugmug.com,Female,CMU,30,2022,12,"Music, Movies, Sports",Computer Science
Rufe,Ciobotaro,rciobotaroqb@macromedia.com,Male,CU,25,2023,6,"Art, Travel, Music",Other
Petunia,Guilbert,pguilbertqc@google.es,Female,HU,45,2026,6,"Movies, Foodie, Gaming",Liberal Arts
Thedrick,Steger,tstegerqd@opensource.org,Male,PU,44,2023,6,"Sports, Music, Outdoors",Nursing
Leroi,Ings,lingsqe@reuters.com,Male,JHU,26,2025,12,"Music, Foodie, Movies",Accounting
Maxy,Swiffan,mswiffanqf@ucoz.com,Male,CIT,33,2024,6,"Outdoors, Coding, Music",Biology
Daniella,Trott,dtrottqg@google.cn,Female,UMCP,28,2024,6,"Movies, Coding, Sports",Business
Wes,Fonteyne,wfonteyneqh@businesswire.com,Male,CIT,31,2024,12,"Movies, Outdoors, Gaming",Accounting
Alexis,Filasov,afilasovqi@skype.com,Male,CMU,43,2025,6,"Art, Coding, Movies",Engineering
Germain,Francescotti,gfrancescottiqj@biblegateway.com,Female,UMCP,23,2023,12,"Outdoors, Travel, Art",Biology
Stephenie,Barhams,sbarhamsqk@cbslocal.com,Female,CMU,38,2022,12,"Gaming, Movies, Music",Engineering
Otto,Mateev,omateevql@blinklist.com,Male,PU,43,2025,6,"Gaming, Sports, Coding",Engineering
Kacey,Test,ktestqm@mozilla.org,Female,UWM,24,2022,12,"Gaming, Anime, Music",General Studies
Thorsten,Gouldeby,tgouldebyqn@nih.gov,Male,PU,36,2024,6,"Music, Coding, Sports",Engineering
Melamie,Yurygyn,myurygynqo@java.com,Genderqueer,UTA,31,2024,6,"Anime, Movies, Travel",Other
Joanne,Soigne,jsoigneqp@mayoclinic.com,Female,UW,20,2024,6,"Music, Travel, Outdoors",Nursing
Clarice,Racher,cracherqq@google.com,Female,CMU,48,2026,12,"Art, Gaming, Foodie",Engineering
Doria,McVitty,dmcvittyqr@webnode.com,Female,UIUC,33,2022,6,"Sports, Music, Travel",Business
Margette,Gilley,mgilleyqs@addtoany.com,Female,UPenn,23,2022,12,"Foodie, Coding, Movies",Accounting
Ludwig,Peterffy,lpeterffyqt@posterous.com,Male,MIT,32,2024,6,"Coding, Music, Movies",Liberal Arts
Korella,Dominiak,kdominiakqu@gnu.org,Female,UPenn,30,2023,6,"Sports, Foodie, Music",Other
Drusi,Rubinowitz,drubinowitzqv@businessinsider.com,Female,UCLA,44,2026,12,"Art, Travel, Gaming",Nursing
Alfonso,Romain,aromainqw@opensource.org,Genderqueer,UMCP,22,2025,6,"Music, Gaming, Anime",Biology
Bald,Girodier,bgirodierqx@slate.com,Male,JHU,32,2024,12,"Travel, Gaming, Anime",General Studies
Vladamir,Stanborough,vstanboroughqy@yellowbook.com,Male,UCSA,39,2026,12,"Movies, Art, Music",Nursing
Rosanne,Fernyhough,rfernyhoughqz@hao123.com,Female,UW,28,2025,12,"Sports, Art, Coding",Biology
Elianora,Looker,elookerr0@globo.com,Female,HU,43,2024,6,"Outdoors, Music, Travel",Biology
Brooks,Sturdey,bsturdeyr1@technorati.com,Female,HU,39,2024,6,"Anime, Sports, Movies",Computer Science
Yoshiko,Mussotti,ymussottir2@ameblo.jp,Female,UPenn,41,2022,6,"Anime, Gaming, Coding",Business
Debi,Holcroft,dholcroftr3@techcrunch.com,Female,SU,45,2025,12,"Music, Gaming, Outdoors",Biology
Betty,Crutch,bcrutchr4@deliciousdays.com,Female,UCLA,38,2022,12,"Music, Outdoors, Sports",Engineering
Felike,Graal,fgraalr5@sina.com.cn,Male,UCB,43,2023,12,"Sports, Gaming, Music",Business
Britni,Jee,bjeer6@blogspot.com,Female,UW,38,2025,12,"Movies, Anime, Foodie",Engineering
Constantia,Wewell,cwewellr7@ovh.net,Female,MIT,23,2024,12,"Anime, Outdoors, Foodie",Engineering
Ailene,Verna,avernar8@artisteer.com,Female,GT,22,2026,12,"Art, Outdoors, Music",Business
Austen,Swedeland,aswedelandr9@hc360.com,Male,HU,37,2024,6,"Anime, Gaming, Coding",Nursing
Cati,Nani,cnanira@dyndns.org,Female,UCSA,23,2022,6,"Sports, Outdoors, Gaming",Business
Herrick,Bottleson,hbottlesonrb@abc.net.au,Male,UPenn,41,2024,6,"Movies, Music, Art",Biology
Redford,Leneham,rlenehamrc@com.com,Genderfluid,UCSA,21,2024,12,"Movies, Anime, Sports",Nursing
Ina,Gunter,igunterrd@xing.com,Female,MIT,32,2025,6,"Coding, Sports, Music",Nursing
Krissy,Ploughwright,kploughwrightre@ihg.com,Female,UCB,45,2024,12,"Outdoors, Foodie, Travel",Nursing
Sile,Mushart,smushartrf@alexa.com,Female,UCLA,29,2024,12,"Art, Anime, Foodie",General Studies
Buddy,Fosdick,bfosdickrg@gravatar.com,Male,GT,49,2026,12,"Coding, Anime, Foodie",Liberal Arts
Linus,Speck,lspeckrh@tuttocitta.it,Polygender,GT,24,2023,12,"Art, Outdoors, Music",Biology
Amii,Creigan,acreiganri@answers.com,Female,UMCP,29,2024,12,"Movies, Foodie, Art",Nursing
Roland,Yarnton,ryarntonrj@oakley.com,Male,CIT,25,2023,6,"Outdoors, Gaming, Coding",Liberal Arts
Leanor,Keaveney,lkeaveneyrk@tiny.cc,Female,UWM,34,2024,6,"Art, Movies, Gaming",Engineering
Bili,Moff,bmoffrl@uiuc.edu,Female,UW,28,2025,12,"Foodie, Movies, Travel",Engineering
Jordain,Farenden,jfarendenrm@posterous.com,Female,UW,21,2022,12,"Sports, Movies, Gaming",Computer Science
Allyn,Yerson,ayersonrn@sbwire.com,Genderqueer,UPenn,40,2025,6,"Foodie, Sports, Anime",Computer Science
Susanna,Corsan,scorsanro@berkeley.edu,Female,PU,21,2025,12,"Outdoors, Gaming, Coding",Business
Lind,Gladtbach,lgladtbachrp@merriam-webster.com,Bigender,UIUC,50,2022,6,"Movies, Foodie, Gaming",Other
Theo,Risdale,trisdalerq@washingtonpost.com,Male,CIT,22,2025,12,"Coding, Anime, Art",Business
Sergent,Ingledow,singledowrr@csmonitor.com,Male,UW,33,2024,12,"Travel, Sports, Foodie",Nursing
